path,tracked,bytes,lines,category,review_depth,recommended_disposition,purpose_or_controls,imports,symbols,sha256
.github/ISSUE_TEMPLATE/stage-submission.yml,yes,2129,75,Repository configuration/documentation,Inventory and text index,Maintain as appropriate,,,,43534b67913cc7b05c3e86b9db40327fc00236bece44914779037be532b5b4ba
.github/workflows/ci.yml,yes,1453,59,Repository configuration/documentation,Detailed relevant sections inspected,Maintain as appropriate,,,,d5c2dbfcaf5e5e06e8749b9905bf0973b675449e657c340c2a06f1c34e27b23d
.github/workflows/publish-stage.yml,yes,3487,98,Repository configuration/documentation,Detailed relevant sections inspected,Maintain as appropriate,,,,d2340031bd7ad3ca180fe90aaf6486a13943c9c19ec8026d6dfab9535e69549e
.github/workflows/release.yml,yes,6817,215,Repository configuration/documentation,Detailed relevant sections inspected,Maintain as appropriate,,,,2a7b5bfd0275720104f1557218d42edb4bf0a8a012da1d503925845f802c54ce
.gitignore,yes,2580,144,Repository configuration/documentation,Inventory and text index,Maintain as appropriate,,,,8e56ec29bfa6545e2057959c23ec25d3f6a21ef2292fc239ca41a2eed3b22d2b
CHANGELOG.md,yes,38389,703,Repository configuration/documentation,Detailed relevant sections inspected,Maintain as appropriate,,,,72b69b0a49319b9b60571d4eb44e88259547ecd23c3fba96ba35af2baa34850c
CMakeLists.txt,yes,12666,310,Repository configuration/documentation,Detailed relevant sections inspected,Maintain as appropriate,,,,b7373d31bf6b515ca48c25beedc45fd84401c83cbb939de85be07057417c480e
CONTRIBUTING.md,yes,4381,103,Repository configuration/documentation,Detailed relevant sections inspected,Maintain as appropriate,,,,14cff4fe04af2a8e5091f527bcb9515ef2c80ba32bbf32058a4afd054c34b0b9
FUNDING.yml,yes,68,3,Repository configuration/documentation,Inventory and text index,Maintain as appropriate,,,,a36528477c27a25c2dfc70ed88403b31f44b4a8d9a63abd63e9afde1010d49f6
LICENSE,yes,1064,21,Repository configuration/documentation,Inventory and text index,Maintain as appropriate,,,,790972d97715d400bdd1486ed42f871349ebe9dfd92b8d89e37e5fc8260fc5cb
README.md,yes,6233,155,Repository configuration/documentation,Detailed relevant sections inspected,Maintain as appropriate,,,,8584512b6fd1071486a4e48bdf39d2c0b8c539663345ec48af17ab67b054eb1e
REFACTORING_PLAN.md,no (local/ignored),4233,45,Repository configuration/documentation,Detailed relevant sections inspected,Maintain as appropriate,,,,e8d8b400bb4d99759c5b110b11adfe8055edd004fe0e98a26ec738f2e91f809b
REFACTORING_PLAN_V2.md,no (local/ignored),15175,99,Repository configuration/documentation,Detailed relevant sections inspected,Maintain as appropriate,,,,f401e4785cc3f5d66c7beb0e9628ea1d246aa76809731dce289ac61de7192f35
VERSION,yes,6,1,Repository configuration/documentation,Inventory and text index,Maintain as appropriate,,,,2aa092243667791a5d0de79ef7a43605357e4bf8f6cf329bdf58539fe4b8a3d1
appicon.png,yes,690607,,Media/dependency asset,Inventory only,Preserve; not application logic,,,,a901d467c62fb15f5badb3782f9074732bc81e12763793153580802bdf5f2ec7
bddview.cpp,yes,23195,675,Repository configuration/documentation,Detailed relevant sections inspected,Maintain as appropriate,,stdio.h; stdlib.h; string.h; limits.h; SDL.h; Core/bdd_format.h; bg_editor.h; Core/app_diagnostics.h; Core/editor_app_globals.h; Core/editor_project_globals.h; Core/editor_project_storage.h; Core/image_lookup.h; Core/viewer_cli_commands.h; Core/viewer_stage_io.h; Core/path_utils.h; UI/overlays/sdl_alignment_guides.h; UI/assets/app_icon.h; UI/sdl/sdl_path_input.h; UI/sdl/sdl_save_popup.h; UI/sdl/sdl_stage_open.h; UI/sdl/sdl_bitmap_font.h; UI/sdl/sdl_drop_file.h; UI/sdl/sdl_image_grid_view.h; UI/sdl/sdl_keyboard_actions.h; UI/sdl/sdl_mouse_interaction.h; UI/sdl/sdl_mouse_wheel.h; UI/sdl/sdl_object_picker.h; UI/overlays/sdl_reference_overlay.h; UI/sdl/sdl_tooltip.h; UI/overlays/sdl_view_hud.h; UI/overlays/sdl_world_grid_overlay.h; UI/overlays/sdl_world_markers.h; UI/sdl/sdl_world_objects.h; UI/assets/texture_cache.h; UI/tools/mk2_runtime_actor_tool.h; libs/stb_image_write.h,bdd_viewer_render_png; bdd_viewer_render_scroll; init; should_run; run; shutdown; process_events; update; render; main,6badaed86fa9cf0706a904ee132b406c8853fbd2b8fbc55cc2d51f3cee946ec6
build.bat,yes,3802,100,Repository configuration/documentation,Detailed relevant sections inspected,Maintain as appropriate,,,,b8342f3beb92a6da8b326ccccfb76945163bf64299c8a8ed9ef6f6da8a3172c1
build.ps1,yes,7554,167,Repository configuration/documentation,Detailed relevant sections inspected,Maintain as appropriate,,,,02020115f17a48a66210fc3a97e00c1c82c31c5be484fb403a953fec6848a0e9
imgui/backends/imgui_impl_sdl2.cpp,yes,40722,770,Vendored dependency,Inventory only,Preserve upstream boundary,,imgui.h; imgui_impl_sdl2.h; SDL.h; SDL_syswm.h; TargetConditionals.h; emscripten/em_js.h,ImGui_ImplSDL2_SetClipboardText; ImGui_ImplSDL2_PlatformSetImeData; ImGui_ImplSDL2_UpdateKeyModifiers; ImGui_ImplSDL2_ProcessEvent; ImGui_ImplSDL2_Init; ImGui_ImplSDL2_InitForOpenGL; ImGui_ImplSDL2_InitForVulkan; ImGui_ImplSDL2_InitForD3D; ImGui_ImplSDL2_InitForMetal; ImGui_ImplSDL2_InitForSDLRenderer; ImGui_ImplSDL2_InitForOther; ImGui_ImplSDL2_CloseGamepads; ImGui_ImplSDL2_Shutdown; ImGui_ImplSDL2_UpdateMouseData; ImGui_ImplSDL2_UpdateMouseCursor; ImGui_ImplSDL2_CloseGamepads; ImGui_ImplSDL2_SetGamepadMode; ImGui_ImplSDL2_UpdateGamepadButton; ImGui_ImplSDL2_UpdateGamepadAnalog; ImGui_ImplSDL2_UpdateGamepads; ImGui_ImplSDL2_NewFrame,d61deb48e90c348db7ba29977cc092a549da4ad74f175f392de77f61d4116bab
imgui/backends/imgui_impl_sdl2.h,yes,3046,46,Vendored dependency,Inventory only,Preserve upstream boundary,,imgui.h,,2aac7e9db6016c8560883dda5d4966eb8d48aa1029d0ccc472cbce2697af2209
imgui/backends/imgui_impl_sdlrenderer2.cpp,yes,11842,264,Vendored dependency,Inventory only,Preserve upstream boundary,,imgui.h; imgui_impl_sdlrenderer2.h; stdint.h; SDL.h,ImGui_ImplSDLRenderer2_Init; ImGui_ImplSDLRenderer2_Shutdown; ImGui_ImplSDLRenderer2_SetupRenderState; ImGui_ImplSDLRenderer2_NewFrame; ImGui_ImplSDLRenderer2_RenderDrawData; ImGui_ImplSDLRenderer2_CreateFontsTexture; ImGui_ImplSDLRenderer2_DestroyFontsTexture; ImGui_ImplSDLRenderer2_CreateDeviceObjects; ImGui_ImplSDLRenderer2_DestroyDeviceObjects,8d62d4912f23ac099dafdda35e79e89e12a3c00da1270fffe574420e26d175e7
imgui/backends/imgui_impl_sdlrenderer2.h,yes,2094,40,Vendored dependency,Inventory only,Preserve upstream boundary,,imgui.h,,0029c7ead21b5c1dcd896a5ee6694c67dfe42ad3dda3a96297c298764a3c79d8
imgui/imconfig.h,yes,11152,136,Vendored dependency,Inventory only,Preserve upstream boundary,,,MyFunction,f49f0636fc8be093a41f4661f04cabd1bff5fb49209a57538f407824fb81bb5f
imgui/imgui.cpp,yes,838467,16263,Vendored dependency,Inventory only,Preserve upstream boundary,,imgui.h; imgui_internal.h; stdio.h; stdint.h; Windows.h; windows.h; TargetConditionals.h; stb_sprintf.h; Carbon/Carbon.h; shellapi.h; sys/wait.h; unistd.h; imm.h; imgui_user.inl,MyImGuiRenderFunction; SetCurrentWindow; AddWindowToSortBuffer; WindowSettingsHandler_ClearAll; WindowSettingsHandler_ReadLine; WindowSettingsHandler_ApplyAll; WindowSettingsHandler_WriteAll; SetClipboardTextFn_DefaultImpl; PlatformSetImeDataFn_DefaultImpl; PlatformOpenInShellFn_DefaultImpl; ItemHandleShortcut; NavUpdate; NavUpdateWindowing; NavUpdateWindowingOverlay; NavUpdateCancelRequest; NavUpdateCreateMoveRequest; NavUpdateCreateTabbingRequest; NavUpdatePageUpPageDown; NavUpdateCreateWrappingRequest; NavEndFrame; NavScoreItem; NavApplyItemToResult; NavProcessItem; NavProcessItemForTabbingRequest; NavSaveLastChildNavWindowIntoParent; NavRestoreLayer; FindWindowFocusIndex; ErrorCheckNewFrameSanityChecks; ErrorCheckEndFrameSanityChecks; UpdateDebugToolItemPicker; UpdateDebugToolStackQueries; UpdateDebugToolFlashStyleColor; UpdateKeyboardInputs; UpdateMouseInputs; UpdateMouseWheel; UpdateKeyRoutingTable; UpdateSettings; UpdateWindowManualResize; RenderWindowOuterBorders; RenderWindowDecorations; RenderWindowTitleBarContents; RenderDimmedBackgroundBehindWindow; RenderDimmedBackgrounds; SetLastItemDataForWindow; UpdateViewportsNewFrame; FreeWrapper; FreeWrapper; ImBezierCubicClosestPointCasteljauStep; ImTriangleContainsPoint; ImTriangleBarycentricCoords; ImStricmp; ImStrnicmp; ImStrncpy; ImStrlenW; ImStrTrimBlanks; ImFormatString; ImFormatStringV; ImFormatStringToTempBuffer; ImFormatStringToTempBufferV; ImFileClose; ImTextCharFromUtf8; ImTextStrFromUtf8; ImTextCountCharsFromUtf8; ImTextCountUtf8BytesFromChar; ImTextStrToUtf8; ImTextCountUtf8BytesFromStr; ImTextCountLines; GetSkipItemForListClipping; ImGuiListClipper_SortAndFuseRanges; ImGuiListClipper_SeekCursorAndSetupPrevLine; ImGuiListClipper_StepInternal; SetCurrentWindow; IsWindowActiveAndVisible; SetupDrawListSharedData; AddWindowToSortBuffer; AddWindowToDrawData; FlattenDrawDataIntoSingleLayer; InitViewportDrawData; SetWindowConditionAllowFlags; ApplyWindowSettings; UpdateWindowInFocusOrderList; InitOrLoadWindowSettings; CalcWindowContentSizes; CalcResizePosSizeFromAnyCorner; RenderWindowOuterSingleBorder; CalcRoutingScore; IsKeyChordPotentiallyCharInput; UpdateAliasKey; LockWheelingWindow; DebugPrintInputEvent; CalcScrollEdgeSnap; NavBiasScoringRect; NavUpdateWindowingHighlightWindow; WindowSettingsHandler_ClearAll; WindowSettingsHandler_ReadLine; WindowSettingsHandler_ApplyAll; WindowSettingsHandler_WriteAll; SetClipboardTextFn_DefaultImpl; SetClipboardTextFn_DefaultImpl; SetClipboardTextFn_DefaultImpl; PlatformOpenInShellFn_DefaultImpl; PlatformOpenInShellFn_DefaultImpl; PlatformOpenInShellFn_DefaultImpl; PlatformSetImeDataFn_DefaultImpl; PlatformSetImeDataFn_DefaultImpl; RenderViewportsThumbnails; DebugFlashStyleColorStop; MetricsHelpMarker; FormatTextureIDForDebugDisplay; SameLineOrWrap; ShowDebugLogFlag; StackToolFormatLevelInfo,c1b968bee46479d4383ef84c3794b5c11d7349710612d6d4ce77a92a8acd4909
imgui/imgui.h,yes,364107,3643,Vendored dependency,Inventory only,Preserve upstream boundary,,imconfig.h; float.h; stdarg.h; stddef.h; string.h; assert.h; imgui_user.h,SelectAll; ClearSelection; HasSelection; Clear; IsDataType; IsPreview; IsDelivery; Clear; IsActive; empty; size; empty; clear; reserve; Clear; IsPacked; IsBuilt; SetTexID; GetCharAdvance; IsLoaded,0ba5a8f2ebddb6d9f32f8bd8e08dab8f4a0fdc1a17b10d1dbb3bb60a8f922fb2
imgui/imgui_draw.cpp,yes,234351,4632,Vendored dependency,Inventory only,Preserve upstream boundary,,imgui.h; imgui_internal.h; misc/freetype/imgui_freetype.h; stdio.h; imstb_rectpack.h; imstb_truetype.h,PathBezierCubicCurveToCasteljau; PathBezierQuadraticCurveToCasteljau; Unlink; push_back; find_erase_unsorted; EstimateTriangleCount; EstimateScratchBufferSize; Init; GetNextTriangle; BuildNodes; BuildReflexes; BuildEars; FlipNodeList; IsEar; ReclassifyNode; Decode85; ImFontAtlasBuildMultiplyCalcLookupTable; ImFontAtlasBuildMultiplyRectAlpha8; UnpackBitVectorToFlatIndexList; ImFontAtlasBuildWithStbTruetype; ImFontAtlasUpdateConfigDataPointers; ImFontAtlasBuildSetupFont; ImFontAtlasBuildPackCustomRects; ImFontAtlasBuildRender8bppRectFromString; ImFontAtlasBuildRender32bppRectFromString; ImFontAtlasBuildRenderDefaultTexData; ImFontAtlasBuildRenderLinesTexData; ImFontAtlasBuildInit; ImFontAtlasBuildFinish; UnpackAccumulativeOffsetsIntoRanges; stb__match; stb__lit,291d5df1c1e4419c05932197599a30daa0e5ba3dc20adfd9913f5b6dd5ad9a07
imgui/imgui_internal.h,yes,271363,3712,Vendored dependency,Inventory only,Preserve upstream boundary,,imgui.h; stdio.h; stdlib.h; math.h; limits.h; immintrin.h; imstb_textedit.h,GetWidth; GetHeight; GetArea; Contains; Contains; ContainsWithPad; Overlaps; Add; Add; Expand; Expand; Translate; TranslateX; TranslateY; ClipWith; ClipWithFull; Floor; IsInverted; ClearAllBits; SetAllBits; TestBit; SetBit; ClearBit; SetBitRange; Create; Clear; TestBit; SetBit; ClearBit; Contains; Clear; Remove; Remove; Reserve; GetAliveCount; GetBufSize; GetMapSize; clear; empty; size; chunk_size; offset_from_ptr; swap; clear; size; append; SetCircleTessellationMaxError; Update; DeclColumns; CalcNextTotalWidth; ClearFreeMemory; ClearText; ClearFreeMemory; GetUndoAvailCount; GetRedoAvailCount; OnKeyPressed; CursorAnimReset; CursorClamp; HasSelection; ClearSelection; GetCursorPos; GetSelectionStart; GetSelectionEnd; SelectAll; ReloadUserBufAndSelectAll; ReloadUserBufAndKeepSelection; ReloadUserBufAndMoveToEnd; SetToContextState; CompareWithContextState; Clear; Reset; Clear; Clear; Clear; ClearIO; UpdateWorkRect; CalcFontSize,93c8b237f7d79e0f4affa6abfd896e586bb385e97558bb699a3d33bb00de914c
imgui/imgui_tables.cpp,yes,243349,4451,Vendored dependency,Inventory only,Preserve upstream boundary,,imgui.h; imgui_internal.h; stdint.h,TableSetupColumnFlags; TableSettingsInit; TableSettingsHandler_ClearAll; TableSettingsHandler_ApplyAll; TableSettingsHandler_ReadLine; TableSettingsHandler_WriteAll; GetDraggedColumnOffset; GetColumnWidthEx,f4d94aaee884333f1fad83aa75cb90e8b54797eff416e95fd8ab6764dac73065
imgui/imgui_widgets.cpp,yes,502900,10169,Vendored dependency,Inventory only,Preserve upstream boundary,,imgui.h; imgui_internal.h; stdint.h; imstb_textedit.h,InputTextFilterCharacter; InputTextCalcTextLenAndLineCount; CalcMaxPopupHeightFromItemCount; DataTypeCompareT; DataTypeClampT; GetMinimumStepAtDecimalPrecision; ImParseFormatSanitizeForPrinting; ImParseFormatPrecision; InputTextCalcTextLenAndLineCount; STB_TEXTEDIT_STRINGLEN; STB_TEXTEDIT_GETWIDTH; STB_TEXTEDIT_KEYTOTEXT; STB_TEXTEDIT_LAYOUTROW; is_separator; is_word_boundary_from_right; is_word_boundary_from_left; STB_TEXTEDIT_MOVEWORDLEFT_IMPL; STB_TEXTEDIT_MOVEWORDRIGHT_MAC; STB_TEXTEDIT_MOVEWORDRIGHT_WIN; STB_TEXTEDIT_MOVEWORDRIGHT_IMPL; STB_TEXTEDIT_DELETECHARS; STB_TEXTEDIT_INSERTCHARS; stb_textedit_replace; InputTextFilterCharacter; InputTextReconcileUndoStateAfterUserCallback; ColorEditRestoreH; ColorEditRestoreHS; RenderArrowsForVerticalBar; TreeNodeStoreStackData; ImStrimatchlen; BoxSelectPreStartDrag; BoxSelectActivateDrag; BoxSelectDeactivateDrag; BoxSelectScrollWithMouseDrag; DebugLogMultiSelectRequests; ImGuiSelectionBasicStorage_BatchSetItemSelected; ImGuiSelectionBasicStorage_BatchFinish; Plot_ArrayGetter; IsRootOfOpenMenuSet; TabBarLayout; TabBarCalcMaxTabWidth; TabBarScrollClamp; TabBarScrollToTab; TabBarCalcScrollableWidth,479b5a1bcad727e3027ceb21f0a653598eaf6655a4c9c7fbb54807f574100de0
imgui/imstb_rectpack.h,yes,20344,627,Vendored dependency,Inventory only,Preserve upstream boundary,,stdlib.h; assert.h,stbrp__skyline_find_min_y,2efa3d5f7d003c19743b15155dad9f46d9f9fc783a18893d703b431d3c990972
imgui/imstb_textedit.h,yes,55208,1441,Vendored dependency,Inventory only,Preserve upstream boundary,,string.h,stb_text_locate_coord; stb_textedit_click; stb_textedit_drag; stb_text_undo; stb_text_redo; stb_text_makeundo_delete; stb_text_makeundo_insert; stb_text_makeundo_replace; stb_textedit_find_charpos; stb_textedit_clamp; stb_textedit_delete; stb_textedit_delete_selection; stb_textedit_sortselection; stb_textedit_move_to_first; stb_textedit_move_to_last; is_word_boundary; stb_textedit_move_to_word_previous; stb_textedit_move_to_word_next; stb_textedit_prep_selection_at_cursor; stb_textedit_cut; stb_textedit_paste_internal; stb_textedit_key; stb_textedit_flush_redo; stb_textedit_discard_undo; stb_textedit_discard_redo; stb_text_undo; stb_text_redo; stb_text_makeundo_insert; stb_text_makeundo_delete; stb_text_makeundo_replace; stb_textedit_clear_state; stb_textedit_initialize_state; stb_textedit_paste,99d5970b305c9865e7a1fcdeed0ee71cc3701bbc66bec45cf8b0c460e16d9cdd
imgui/imstb_truetype.h,yes,199485,5085,Vendored dependency,Inventory only,Preserve upstream boundary,,stb_truetype.h; stdio.h; stb_truetype.h,my_stbtt_initfont; my_stbtt_print; main; main; stbtt__buf_seek; stbtt__buf_skip; stbtt__cff_skip_operand; stbtt__dict_get_ints; stbtt__cff_index_count; stbtt__isfont; stbtt_GetFontOffsetForIndex_internal; stbtt_GetNumberOfFonts_internal; stbtt__get_svg; stbtt_InitFont_internal; stbtt_setvertex; stbtt__GetGlyfOffset; stbtt__GetGlyphInfoT2; stbtt__close_shape; stbtt__GetGlyphShapeTT; stbtt__track_vertex; stbtt__csctx_v; stbtt__csctx_close_shape; stbtt__csctx_rmove_to; stbtt__csctx_rline_to; stbtt__csctx_rccurve_to; stbtt__run_charstring; stbtt__GetGlyphShapeT2; stbtt__GetGlyphInfoT2; stbtt__GetGlyphKernInfoAdvance; stbtt__hheap_free; stbtt__hheap_cleanup; stbtt__fill_active_edges; stbtt__rasterize_sorted_edges; stbtt__handle_clipped_edge; stbtt__sized_trapezoid_area; stbtt__position_trapezoid_area; stbtt__sized_triangle_area; stbtt__fill_active_edges_new; stbtt__rasterize_sorted_edges; stbtt__sort_edges_ins_sort; stbtt__sort_edges_quicksort; stbtt__sort_edges; stbtt__rasterize; stbtt__add_point; stbtt__tesselate_curve; stbtt__tesselate_cubic; stbtt_BakeFontBitmap_internal; stbrp_init_target; stbrp_pack_rects; stbtt__h_prefilter; stbtt__v_prefilter; stbtt__oversample_shift; stbtt__ray_intersect_bezier; equal; stbtt__compute_crossings_x; stbtt__cuberoot; stbtt__solve_cubic; stbtt_CompareUTF8toUTF16_bigendian_internal; stbtt__matchpair; stbtt__matches; stbtt_FindMatchingFont_internal,87f08919ae8e7223451d0e9d06b62829075d3e920c9e6ad436db9d7e7427ffce
mk2_background_deep_dive.md,yes,35967,800,Repository configuration/documentation,Inventory and text index,Maintain as appropriate,,,,50d0b4df222ce206e889bbe12c87e0d6acac13827caba46a6b7bfb6d9703043a
platform/Core/app_diagnostics.h,yes,330,18,Core candidate,Inventory and text index,Retain format algorithms; extract editor/runtime dependencies,,,bdd_diag_init; bdd_diag_write; bdd_save_logf; bdd_clear_last_save_error,61c7d34ac326a034d486ab0d537d640ebbce83ffaadb006964b0659c3cb9617e
platform/Core/app_version.h,yes,165,10,Core candidate,Inventory and text index,Retain format algorithms; extract editor/runtime dependencies,,,,9c0859ff4ce65fa43b0230f4a40ded8b99f22c9feb90d20f30b095c6c4ecc8c5
platform/Core/app_version_resource.h.in,yes,226,7,Core candidate,Inventory and text index,Retain format algorithms; extract editor/runtime dependencies,,,,1ec36848f2d685bc19052480a99260324d7c7adff05d6868d81fef320de319cd
platform/Core/bdd_core.h,yes,10887,267,Core candidate,Detailed relevant sections inspected,Retain format algorithms; extract editor/runtime dependencies,,stddef.h; stdint.h; cstring; vector; string,init; init; init; bdd_core_load_bdb; bdd_core_parse_module_line; bdd_core_load_bdd; bdd_core_stage_load_bdb; bdd_core_stage_load_bdd; bdd_core_load_stage; bdd_core_rect_fits_module; bdd_core_object_fits_module; bdd_core_object_module_slop; bdd_core_find_fitting_module; bdd_core_find_fitting_module_in_lines; bdd_core_image_max_pixel; bdd_core_load2_bpp_for_max_pixel; bdd_core_mk2_scroll_factor; bdd_core_object_visible_at_camera; bdd_core_first_palette_for_image; bdd_core_collect_palettes_for_image; bdd_core_indexed_to_rgba; bdd_core_save_result_init; bdd_core_save_bdb; bdd_core_save_bdd,dce6e8bc643ef8c8ef57e0a00b39254ff16b3409878e4a62a22d864f799fa0a7
platform/Core/bdd_format.h,yes,746,40,Core candidate,Detailed relevant sections inspected,Retain format algorithms; extract editor/runtime dependencies,,Core/bdd_core.h; SDL.h,,c7a86861ccc842e33fe4e6b2826f583e684c66e4088799d84eb3e39102575c5b
platform/Core/bdd_metadata.h,yes,814,37,Core candidate,Detailed relevant sections inspected,Retain format algorithms; extract editor/runtime dependencies,,,bdd_metadata_save_records; bdd_metadata_load_records; editor_project_save_bdd_metadata; editor_project_load_bdd_metadata,ba944bede98332c9db78b7754a65a9b301414fb42432e6bbf472aff473624be8
platform/Core/bdd_metadata_editor.cpp,yes,2123,64,Core candidate,Inventory and text index,Retain format algorithms; extract editor/runtime dependencies,,Core/bdd_metadata.h; Core/editor_project_globals.h; cstdio; vector,metadata_from_image; metadata_to_image; editor_project_save_bdd_metadata; editor_project_load_bdd_metadata,437aafa21a7f64db9c512e54ce28a75e417ca492cede0064b336daaca6bdf911
platform/Core/editor_app_globals.h,yes,2806,95,Core candidate,Inventory and text index,Retain format algorithms; extract editor/runtime dependencies,,,,af8c345b5ea984a33e6a69926f40e35f86a34c1d56dde9a2fbd95b89c42d90d5
platform/Core/editor_bridge.cpp,yes,3088,100,Core candidate,Inventory and text index,Retain format algorithms; extract editor/runtime dependencies,,bg_editor.h; Core/editor_app_globals.h; Core/editor_project_globals.h; Core/editor_project_storage.h; Core/image_lookup.h; Core/image_processing.h; Core/world_module_utils.h; undo_manager.h; cstdlib; cstring,bg_editor_undo_save; bg_editor_set_action_label; bg_editor_snap_dist; bg_editor_visible_pixel_snap_enabled; bg_editor_object_snap_rect_at; bg_editor_object_hit_test_at; bg_editor_place_last_import,95044474767a2ea67184fc80e3b06f8751ee5c06dac4c6dc3850799055dde1c2
platform/Core/editor_commands.cpp,yes,1369,61,Core candidate,Inventory and text index,Retain format algorithms; extract editor/runtime dependencies,,Core/editor_commands.h; vector,editor_emit_command; editor_emit_unsaved_action; editor_emit_save_all; editor_emit_show_verify; editor_emit_show_preferences; editor_emit_open_mk2_tool; editor_drain_commands; editor_clear_commands,14448f4abbbc26da1bf03706fa4eb351cf18557089f60a8feee0cc3931799be8
platform/Core/editor_commands.h,yes,784,31,Core candidate,Detailed relevant sections inspected,Retain format algorithms; extract editor/runtime dependencies,,string; vector,editor_emit_command; editor_emit_unsaved_action; editor_emit_save_all; editor_emit_show_verify; editor_emit_show_preferences; editor_emit_open_mk2_tool; editor_drain_commands; editor_process_commands; editor_clear_commands,99afc9c4cc21a47d96eed19770a740e5c9d6697945922776feec19ca67ad0e32
platform/Core/editor_project_globals.cpp,yes,1841,80,Core candidate,Detailed relevant sections inspected,Retain format algorithms; extract editor/runtime dependencies,,Core/editor_project_globals.h; cstddef,,87b1b5610fbe1965f594760b23cb34e9f0247590a1099d45972217dc01c7ab74
platform/Core/editor_project_globals.h,yes,1990,86,Core candidate,Detailed relevant sections inspected,Retain format algorithms; extract editor/runtime dependencies,,Core/bdd_format.h; stdbool.h,,a9c9198e03602a0fee9d3f024365c9c2af987e25c8ce9b996477d973e93f31ba
platform/Core/editor_project_storage.cpp,yes,40362,1031,Core candidate,Inventory and text index,Retain format algorithms; extract editor/runtime dependencies,,Core/editor_project_storage.h; Core/editor_project_globals.h; limits.h; stdio.h; stdlib.h; string.h,editor_project_storage_refresh_globals; editor_project_next_capacity; editor_project_module_line_would_overlap; editor_project_storage_init; editor_project_storage_shutdown; editor_project_image_capacity; editor_project_object_capacity; editor_project_module_capacity; editor_project_palette_capacity; editor_project_reserve_images; editor_project_clear_selection; editor_project_clear_images; editor_project_clear_objects; editor_project_clear_modules; editor_project_clear_palettes; editor_project_clear_content; editor_project_reset_loaded_stage; editor_project_delete_image_slot; editor_project_delete_marked_images; editor_project_swap_image_slots; editor_project_reorder_images; editor_project_truncate_images; editor_project_reserve_images; editor_project_reserve_objects; editor_project_delete_object_slot; editor_project_move_object_slot; editor_project_sort_objects_by_layer_order; editor_project_reserve_modules; editor_project_append_module_line; editor_project_insert_module_line_before_enclosing; editor_project_delete_module_line; editor_project_set_module_line; editor_project_set_single_module_line; editor_project_reserve_palettes; sanitize_pal_name; editor_project_append_palette_slot; editor_project_set_palette_slot; editor_project_set_palette_color; editor_project_rotate_palette_range; editor_project_truncate_palettes; editor_project_delete_palette_slot; editor_project_replace_objects; editor_project_replace_object_rows; editor_project_replace_palettes; editor_project_replace_modules; editor_project_clear_palette_rgb555_cache; palette_raw_cache_capture; palette_raw_cache_matches_current; editor_project_set_palette_rgb555_cache; editor_project_get_palette_rgb555_cache,2b052268915eed2376f93aea0758194bf246c0f7eba4d9c6c0a885cb02085c7b
platform/Core/editor_project_storage.h,yes,3780,70,Core candidate,Detailed relevant sections inspected,Retain format algorithms; extract editor/runtime dependencies,,Core/bdd_format.h,editor_project_storage_init; editor_project_storage_shutdown; editor_project_image_capacity; editor_project_object_capacity; editor_project_module_capacity; editor_project_palette_capacity; editor_project_reserve_images; editor_project_reserve_objects; editor_project_reserve_modules; editor_project_reserve_palettes; editor_project_clear_selection; editor_project_clear_images; editor_project_clear_objects; editor_project_clear_modules; editor_project_clear_palettes; editor_project_clear_content; editor_project_reset_loaded_stage; editor_project_delete_image_slot; editor_project_delete_marked_images; editor_project_swap_image_slots; editor_project_reorder_images; editor_project_truncate_images; editor_project_replace_objects; editor_project_replace_object_rows; editor_project_replace_palettes; editor_project_replace_modules; editor_project_append_palette_slot; editor_project_set_palette_slot; editor_project_set_palette_color; editor_project_rotate_palette_range; editor_project_clear_palette_rgb555_cache; editor_project_set_palette_rgb555_cache; editor_project_get_palette_rgb555_cache; editor_project_truncate_palettes; editor_project_delete_palette_slot; editor_project_append_module_line; editor_project_insert_module_line_before_enclosing; editor_project_delete_object_slot; editor_project_move_object_slot; editor_project_sort_objects_by_layer_order; editor_project_delete_module_line; editor_project_module_line_would_overlap; editor_project_set_module_line; editor_project_set_single_module_line,bdbbc793a6d8e87f201bf9f85ec661e09a3dc13e68cf3c8ed9a37f8dd99a7a80
platform/Core/image_lookup.cpp,yes,358,17,Core candidate,Inventory and text index,Retain format algorithms; extract editor/runtime dependencies,,Core/image_lookup.h; Core/editor_project_globals.h; Core/editor_project_storage.h,img_free,571198684d724be044841efa0e81786a2ab594c3c9e3d33aa76a73db281e15ab
platform/Core/image_lookup.h,yes,216,17,Core candidate,Inventory and text index,Retain format algorithms; extract editor/runtime dependencies,,Core/bdd_format.h,img_free,523a7f2c3d176d145f36f2b437a64134b48aa3a3010e18c5bf6a01457fa6aaf2
platform/Core/image_processing.cpp,yes,35332,1016,Core candidate,Inventory and text index,Retain format algorithms; extract editor/runtime dependencies,,Core/image_processing.h; Core/editor_app_globals.h; Core/editor_project_globals.h; Core/editor_project_storage.h; Core/image_lookup.h; Core/mk2_analysis.h; Core/project_header.h; Core/world_module_utils.h; undo_manager.h; algorithm; climits; cstdio; cstdlib; cstring; vector,argb_luma; argb_distance; block_match_collect_candidates; block_match_candidate_count; block_match_best_index; block_match_image_to_object_style; edge_candidate_index; replace_image_index_with_zero; palette_color_near_black; clear_image_edge_matte; image_nonzero_bounds; image_palette_usage_stats; image_object_ref_count; image_module_group_label; image_module_badge_label; trim_image_transparent_border; palette_group_find; palette_group_union; compact_palettes_for_image_range; optimize_image_range_for_space; compress_active_image_palette; bpp_cap_index_limit; bpp_cap_add_unique_palette; bpp_cap_nearest_color_slot; bpp_cap_select_representatives; bpp_cap_assign_slots; cap_images_to_max_bpp; assign_selected_layer,5666db1e0255fa3a7ebd4c75932e50f4f253d2e62b70e6cee82f03f346869d82
platform/Core/image_processing.h,yes,2065,53,Core candidate,Inventory and text index,Retain format algorithms; extract editor/runtime dependencies,,Core/bdd_format.h; stddef.h,block_match_candidate_count; block_match_image_to_object_style; edge_candidate_index; replace_image_index_with_zero; clear_image_edge_matte; image_nonzero_bounds; image_palette_usage_stats; image_object_ref_count; image_module_group_label; image_module_badge_label; trim_image_transparent_border; compact_palettes_for_image_range; optimize_image_range_for_space; compress_active_image_palette; cap_images_to_max_bpp; assign_selected_layer,3dcb457934110ff78885170802ee0be529d85d1f2a4877cd92c5084b297b3d35
platform/Core/img_format.h,yes,2049,74,Core candidate,Inventory and text index,Retain format algorithms; extract editor/runtime dependencies,,stddef.h; stdint.h; stdio.h,img_s16; img_basename_no_ext_upper; img_raw_name_to_upper; img_decode_pixels,a03f8be8313334effab4d95a6d283247ead386c55a2ba7323ed44a7762bb5d90
platform/Core/import_export.cpp,yes,43743,1259,Core candidate,Inventory and text index,Retain format algorithms; extract editor/runtime dependencies,,bg_editor.h; utils/compat.h; Core/editor_app_globals.h; Core/editor_project_globals.h; Core/editor_project_storage.h; Core/image_lookup.h; Core/image_processing.h; Core/import_export.h; Core/img_format.h; Core/path_utils.h; Core/stage_paths.h; UI/tools/mk2_palette_sync_prompt.h; UI/dialogs/native_file_dialogs.h; UI/view/toast_notifications.h; libs/stb_image.h; libs/stb_image_write.h; undo_manager.h; algorithm; errno.h; limits.h; stdio.h; stdlib.h; string; string.h; sys/stat.h; vector; dirent.h; strings.h,path_has_ext_ci; ensure_directory; copy_file_overwrite; rgb555_distance; img_import_fallback_palette; import_img_file_filtered; import_img_file; batch_import_png; batch_import_img; file_exists_for_import; path_is_absolute_for_import; path_dirname_for_import; trim_import_token; resolve_lod_img_path; find_imported_range; uppercase_ascii_inplace; lod_mark_label_in_range; lod_basename_no_ext_upper; lod_text_contains_ci; lod_tag_imported_range_core; lod_mark_reference_line; import_lod_file; import_png; bg_editor_import_png; bg_editor_import_png_headless; bg_editor_import_img; bg_editor_import_img_folder; bg_editor_import_lod; export_composite_to; export_composite_png; stage_export_bundle; export_sprite_sheet_png; export_image_tga; export_image_png,45927845b9cd87824d79f9da520b7d1e475f141177963216e6ad3648a3cd591c
platform/Core/import_export.h,yes,907,24,Core candidate,Inventory and text index,Retain format algorithms; extract editor/runtime dependencies,,Core/bdd_format.h,import_png; import_img_file; import_img_file_filtered; batch_import_img; import_lod_file; batch_import_png; export_composite_png; export_composite_to; copy_file_overwrite; export_image_tga; export_image_png; export_sprite_sheet_png; stage_export_bundle,0b66436047f6ca3c1b56f96e0b5e5c6e8a321ab143c29b0ffa4ef42ff1cb24df
platform/Core/mk2_analysis.cpp,yes,69414,1844,Core candidate,Inventory and text index,Retain format algorithms; extract editor/runtime dependencies,,bg_editor.h; Core/app_diagnostics.h; Core/bdd_core.h; Core/editor_app_globals.h; Core/editor_project_globals.h; Core/editor_project_storage.h; Core/image_lookup.h; Core/image_processing.h; Core/mk2_analysis.h; Core/path_utils.h; Core/project_header.h; Core/stage_paths.h; Core/world_module_utils.h; UI/tools/mk2_budget_relief_suggestions.h; UI/tools/mk2_runtime_actor_tool.h; UI/tools/mk2_stage_config.h; UI/tools/mk2_stage_fx_builder_tool.h; UI/actions/object_actions.h; UI/actions/selection_helpers.h; UI/view/toast_notifications.h; UI/view/world_view_helpers.h; undo_manager.h; cerrno; climits; cstdio; cstdlib; cstring; algorithm; cstddef; ctime; vector,load2_estimated_block_bytes; mk2_clear_selection_flags; mk2_object_visible_at_camera; mk2_visible_object_count_at_camera; mk2_estimate_max_visible_objects; mk2_strip_is_thin; mk2_strip_continues; mk2_strip_close_run; mk2_collect_strip_chop; mk2_diag_hard_issues; mk2_diag_cautions; mk2_collect_diag; mk2_create_default_module; mk2_first_unassigned_object; mk2_select_unassigned_objects; mk2_isolate_unassigned_objects; mk2_expand_nearest_module_to_object; mk2_include_unassigned_objects_in_modules; mk2_include_object_in_nearest_module; mk2_fit_module_bounds_to_objects; mk2_sort_objects_x_major; image_use_count; first_unused_image_index; mk2_max_object_order; mk2_find_first_fit_for_image; mk2_find_center_fit_for_image; mk2_delete_object_preserve_order; mk2_copy_file_for_backup; mk2_backup_timestamp; mk2_backup_outside_delete; mk2_delete_unassigned_objects; mk2_toast_outside_delete_result; mk2_add_object_for_image; mk2_expand_header_to_rect; mk2_ensure_bdb_for_static_background; mk2_set_image_as_static_background; mk2_enable_unused_asset; mk2_disable_selected_assets_keep_images; object_module_index; object_pixel_at_world; mk2_select_objects_by_image; mk2_bpp_for_image; mk2_bpp_for_max_index; mk2_visible_pixel_at_screen; mk2_screen_band_coverage; mk2_select_visible_objects_at_camera; mk2_select_visible_objects_at_camera_layer; mk2_visible_object_counts_by_layer_at_camera; image_pixels_match; mk2_has_drawable_stage; mk2_readiness_report; mk2_runtime_integrity_summary; find_first_duplicate_pair; apply_safe_dedup,4979926fcc10c516f800fd8bc9d6909dc434c416bc5f80717790ae1dc5fabfdc
platform/Core/mk2_analysis.h,yes,7232,173,Core candidate,Inventory and text index,Retain format algorithms; extract editor/runtime dependencies,,Core/bdd_core.h; Core/bdd_format.h; stddef.h,mk2_diag_hard_issues; mk2_diag_cautions; mk2_collect_diag; mk2_create_default_module; mk2_first_unassigned_object; mk2_select_unassigned_objects; mk2_isolate_unassigned_objects; mk2_include_unassigned_objects_in_modules; mk2_include_object_in_nearest_module; mk2_fit_module_bounds_to_objects; mk2_sort_objects_x_major; image_use_count; first_unused_image_index; mk2_max_object_order; mk2_find_first_fit_for_image; mk2_find_center_fit_for_image; mk2_delete_object_preserve_order; mk2_delete_unassigned_objects; mk2_toast_outside_delete_result; mk2_add_object_for_image; mk2_set_image_as_static_background; mk2_enable_unused_asset; mk2_disable_selected_assets_keep_images; object_module_index; object_pixel_at_world; mk2_select_objects_by_image; mk2_bpp_for_image; mk2_bpp_for_max_index; mk2_screen_band_coverage; mk2_select_visible_objects_at_camera; mk2_select_visible_objects_at_camera_layer; mk2_visible_object_counts_by_layer_at_camera; image_pixels_match; mk2_has_drawable_stage; mk2_readiness_report; mk2_runtime_integrity_summary; mk2_stage_is_in_active_lod; find_first_duplicate_pair; apply_safe_dedup,c6eb8ee99aaecb47fd05e5f35cca440775675dd499d204f4d8040f3523ec67e4
platform/Core/mk2_assembly_export.cpp,yes,16676,363,Core candidate,Inventory and text index,Retain format algorithms; extract editor/runtime dependencies,,Core/editor_project_globals.h; Core/editor_project_storage.h; Core/image_lookup.h; Core/project_header.h; Core/viewer_save.h; Core/world_module_utils.h; UI/view/toast_notifications.h; utils/compat.h; undo_manager.h; limits.h; stdio.h; stdlib.h; string.h; sys/stat.h; windows.h,mk2_export_path_join; mk2_export_ensure_directory; export_mk2_assembly,f77a176954940582233b132d5e47d5a239f1fc33c5c5f17f6e8a436905e7f537
platform/Core/mk2_shared_paths.cpp,yes,405,8,Core candidate,Inventory and text index,Retain format algorithms; extract editor/runtime dependencies,,Core/mk2_shared_paths.h,,21022c03934647f07ebf0a251a0cd93c3e314872b422451998203dccdf72a5a3
platform/Core/mk2_shared_paths.h,yes,237,16,Core candidate,Inventory and text index,Retain format algorithms; extract editor/runtime dependencies,,,,f12e197edfca7f07daaa11941e26e249ef2ae03c1f523f28fa47197e7b77a7f9
platform/Core/path_utils.h,yes,573,15,Core candidate,Inventory and text index,Retain format algorithms; extract editor/runtime dependencies,,stddef.h,path_join; stage_file_exists; stage_dirname; ensure_dir_recursive; bddtool_backup_dir; bddtool_backup_path; run_command_capture,717a773b0d5241eb7cfe05de276ac0896e980ae1822161552c2f162893cebf5f
platform/Core/project_header.cpp,yes,1151,31,Core candidate,Inventory and text index,Retain format algorithms; extract editor/runtime dependencies,,Core/project_header.h; Core/editor_project_globals.h; cstdio,sanitize_stage_name; sync_bdb_header_counts,c1b06c4b21aa7c4b2652cd7d12a656d0a53b4ddaa696507617a87c0ee3ddc046
platform/Core/project_header.h,yes,184,9,Core candidate,Inventory and text index,Retain format algorithms; extract editor/runtime dependencies,,stddef.h,sanitize_stage_name; sync_bdb_header_counts,b62a0d4784b7270bf31661eedb355f16f55e72025388b2e714821bd2508cafd6
platform/Core/project_snapshot.cpp,yes,7942,165,Core candidate,Inventory and text index,Retain format algorithms; extract editor/runtime dependencies,,Core/project_snapshot.h; Core/editor_project_globals.h; Core/editor_project_storage.h; cstdlib; cstring,project_snapshot_clamp_count; project_snapshot_min_count; project_snapshot_free_pixels; project_snapshot_release; project_snapshot_ensure_storage; project_snapshot_capture_current; project_snapshot_restore_current,bc7d3baa76ce43f1103cc720124eaa0735a194358103e2846cdc8491ceb885c9
platform/Core/project_snapshot.h,yes,1068,40,Core candidate,Detailed relevant sections inspected,Retain format algorithms; extract editor/runtime dependencies,,Core/bdd_format.h; stdbool.h,project_snapshot_clamp_count; project_snapshot_min_count; project_snapshot_free_pixels; project_snapshot_release; project_snapshot_ensure_storage; project_snapshot_capture_current; project_snapshot_restore_current,c7e6aac4dec8200644a354c325bfa6546950f546a56faaec3fb72e6ea265c837
platform/Core/recent_files.cpp,yes,1424,50,Core candidate,Inventory and text index,Retain format algorithms; extract editor/runtime dependencies,,Core/recent_files.h; cstdio; cstring,recent_add; recent_save; recent_load,cb520fe2095233a5f50083253c6c218e4a0dae7757d683ff8a0537361c5afb0b
platform/Core/recent_files.h,yes,271,19,Core candidate,Inventory and text index,Retain format algorithms; extract editor/runtime dependencies,,,recent_add; recent_save; recent_load,b91d69eba238cb3fed4c9c7bdc6b2b036d74f22f81347992c02501c181d5b22c
platform/Core/stage_path_utils.cpp,yes,2218,76,Core candidate,Inventory and text index,Retain format algorithms; extract editor/runtime dependencies,,Core/path_utils.h; Core/stage_paths.h; cstdio; cstring; strings.h,path_has_ext_ci; path_replace_ext; resolve_stage_file; derive_stage_pair_paths,365996404436872060353ad2f2432c693d95a8efc9f25240fd2b3b7db139664d
platform/Core/stage_paths.h,yes,447,22,Core candidate,Inventory and text index,Retain format algorithms; extract editor/runtime dependencies,,stddef.h,resolve_stage_file; derive_stage_pair_paths,e97353ac47d5cdaed15fe89137d0fd7ce00537264fcb6ff4344fc13ad9b8f08c
platform/Core/test_projects.cpp,yes,10759,333,Core candidate,Inventory and text index,Retain format algorithms; extract editor/runtime dependencies,,Core/editor_app_globals.h; Core/editor_project_globals.h; Core/editor_project_storage.h; UI/view/toast_notifications.h; undo_manager.h; cstdio; cstdlib; cstring,proof_rect; proof_text; proof_mark_tiles; fill_bg_proof_pixels; create_bg_proof_level; create_checker_test_level,ce7669b492d35c1020ae900a0ef6ae1933365dd03b4332cb76bf812268211d1f
platform/Core/tga_import.cpp,yes,5657,206,Core candidate,Inventory and text index,Retain format algorithms; extract editor/runtime dependencies,,Core/tga_import.h; bg_editor.h; Core/bdd_core.h; Core/editor_project_globals.h; Core/editor_project_storage.h; Core/viewer_save.h; stdio.h; stdlib.h; string.h,tga_load; bdd_import_tga,eeca065146a6a064f59d4f0962ac243efc5a41561c3e29cf1e5fa6a2183caf3e
platform/Core/tga_import.h,yes,158,14,Core candidate,Inventory and text index,Retain format algorithms; extract editor/runtime dependencies,,,bdd_import_tga,295d373051e8f600b57bbb39eed88dc500706eb935ad4aa9df387dc882d48bdb
platform/Core/utils/app_diagnostics.cpp,yes,5734,216,Core candidate,Inventory and text index,Retain format algorithms; extract editor/runtime dependencies,,Core/app_diagnostics.h; stdarg.h; stdio.h; stdlib.h; stdint.h; signal.h; string.h; time.h,log_timestamp; bdd_diag_write; crash_printf; crash_event; crash_log_argv; crash_log_session_context; crash_log_normal_exit; bdd_clear_last_save_error; bdd_save_logf; sig_handler; invalid_parameter_handler; bdd_diag_init,f20c0f28cbb4a6ef844b744f936fc513c5b0838f89ea9ea78330a3b4ab727b44
platform/Core/utils/bdd_core.cpp,yes,26063,822,Core candidate,Detailed relevant sections inspected,Retain format algorithms; extract editor/runtime dependencies,,Core/bdd_core.h; cerrno; climits; cstdarg; cstdio; cstdlib; cstring; new; string,bdd_core_set_error; bdd_core_save_result_init; bdd_core_set_bdb_error; bdd_core_strip_newline; bdd_core_strip_newline; bdd_core_parse_object_line; bdd_core_parse_module_line; bdd_core_load_bdb; bdd_core_rect_fits_module; bdd_core_object_fits_module; bdd_core_object_module_slop; bdd_core_find_fitting_module; bdd_core_find_fitting_module_in_lines; bdd_core_image_max_pixel; bdd_core_load2_bpp_for_max_pixel; bdd_core_mk2_scroll_factor; bdd_core_object_visible_at_camera; bdd_core_normalize_palette_index; bdd_core_first_palette_for_image; bdd_core_collect_palettes_for_image; bdd_core_indexed_to_rgba; bdd_core_stage_set_error; bdd_core_stage_load_bdb; bdd_core_stage_load_bdd; bdd_core_load_stage; bdd_core_read_text_line; bdd_core_load_bdd; bdd_core_raw_rgb555_matches_argb; bdd_core_set_save_message; bdd_core_save_bdb; bdd_core_save_bdd,43aa920bbd40a8bf51eb919c2cf77de3df1a1d0abec7df934385286cf8580295
platform/Core/utils/bdd_metadata.cpp,yes,3801,121,Core candidate,Inventory and text index,Retain format algorithms; extract editor/runtime dependencies,,Core/bdd_metadata.h; stdio.h; stdlib.h; string.h,bdd_meta_path; bdd_meta_clean_field; split_tabs; bdd_metadata_save_records; bdd_metadata_load_records,b84d908fd5c91a37dd70f3cc25dbcce8845e215a8a299e6f9215da12f7051246
platform/Core/utils/command_utils.cpp,yes,857,36,Core candidate,Inventory and text index,Retain format algorithms; extract editor/runtime dependencies,,cstdio; cstring,run_command_capture,e5696c39b9db704dd652fd01efec7bff10bfdb231d085fbb3580dae633916717
platform/Core/utils/img_format.cpp,yes,3829,118,Core candidate,Inventory and text index,Retain format algorithms; extract editor/runtime dependencies,,Core/img_format.h; stdlib.h; string.h,img_s16; img_basename_no_ext_upper; img_raw_name_to_upper; img_decode_pixels,ec7c25f2a1a57020053d1bd4c060ebc044142050d4345ac69a3b2e3f0ca13bbb
platform/Core/utils/path_utils.cpp,yes,6509,237,Core candidate,Inventory and text index,Retain format algorithms; extract editor/runtime dependencies,,cstdio; cstring; stdint.h; windows.h; sys/stat.h; unistd.h,path_join; stage_file_exists; stage_dirname; ensure_dir_recursive; path_dirname_copy; path_parent_inplace; path_dir_exists; bddtool_root_markers; bddtool_find_root_from; bddtool_root_dir; bddtool_backup_dir; bddtool_backup_path,c85d7938f9be2655cc85cb37b11095240dedb19db53f9c6148da79e761b8aee1
platform/Core/viewer_cli_commands.cpp,yes,34161,879,Core candidate,Detailed relevant sections inspected,Retain format algorithms; extract editor/runtime dependencies,,Core/viewer_cli_commands.h; bg_editor.h; bg_editor_globals.h; Core/editor_project_globals.h; Core/image_lookup.h; Core/viewer_stage_io.h; Core/viewer_test_levels.h; UI/tools/mk2_runtime_actor_tool.h; UI/tools/stage_share_bundle.h; cstdio; cstring,cli_contains_ci; cli_equals_ci; runtime_smoke_stage_contains; runtime_smoke_float_mismatch; runtime_smoke_find_module; runtime_smoke_find_object_in_module; runtime_smoke_check_module_projection; runtime_smoke_check_floors; runtime_smoke_check_actors; runtime_smoke_check_forest_tree_actors; runtime_smoke_check_battle_props; runtime_smoke_check_start_camera; runtime_preview_smoke_one_stage; bdd_viewer_run_cli_command,a78fdb4a3762eb02394bd80203b544aec55b9abe42a65597c957df78ecebe112
platform/Core/viewer_cli_commands.h,yes,209,14,Core candidate,Inventory and text index,Retain format algorithms; extract editor/runtime dependencies,,,bdd_viewer_run_cli_command,3f92879284763b68e4dd415bcf10cf8346da97d8b0e8ff0821e929bee110f6f8
platform/Core/viewer_geometry.cpp,yes,123186,3411,Core candidate,Detailed relevant sections inspected,Retain format algorithms; extract editor/runtime dependencies,,bg_editor.h; bg_editor_globals.h; Core/bdd_core.h; Core/editor_app_globals.h; Core/editor_project_globals.h; Core/image_lookup.h; Core/path_utils.h; Core/world_module_utils.h; climits; cctype; cstdio; cstdlib; cstring; strings.h,bdd_get_world_bounds; bdd_parse_module_line; bdd_object_module_info; bdd_contains_ci; bdd_current_stage_contains; bdd_current_stage_is_battle; bdd_current_stage_is_forest; bdd_current_stage_is_tower_runtime; bdd_runtime_info_set; bdd_bdb_has_module_named; bdd_discover_stage_mod_label; bdd_draft_stage_mod_label_if_present; bdd_parse_signed16_hex_token; bdd_parse_asm_long_literal; bdd_bgnd_lst_word_value; bdd_expr_skip_ws; bdd_expr_parse_expr; bdd_expr_parse_number_or_symbol; bdd_expr_parse_factor; bdd_expr_parse_term; bdd_expr_parse_expr; bdd_eval_asm_expr; bdd_bgnd_asm_word_expr_value; bdd_line_is_label; bdd_line_has_label_token; bdd_line_has_active_word; bdd_read_bgnd_camera_from_file; bdd_read_bgnd_ground_from_file; bdd_read_bgnd_scroll_limits_from_file; bdd_bgnd_root_has_source; bdd_choose_bgnd_source_root; bdd_stage_root_from_loaded_path; bdd_try_bgnd_camera_candidate; bdd_try_bgnd_ground_candidate; bdd_try_bgnd_scroll_limits_candidate; bdd_read_bgnd_stage_start_camera; bdd_read_bgnd_stage_ground_y; bdd_read_bgnd_stage_scroll_limits; bdd_strip_bmod_suffix; bdd_resolve_bgndtbl_path; bdd_stage_bmod_x_size; bdd_bgnd_asm_long_token; bdd_bgnd_asm_long_second_token; bdd_bgnd_worldtlx_baklst; bdd_stage_apply_center_x_entry; bdd_bgnd_asm_long_number; bdd_bgnd_asm_word_pair_value; bdd_parse_stage_mod_block; bdd_parse_stage_scroll_table; bdd_parse_stage_dlists; bdd_bgnd_asm_movi_token; bdd_parse_stage_floor_info; bdd_resolve_bgnd_asm_path; bdd_line_extract_mod_label; bdd_discover_stage_mod_label; bdd_build_stage_module_table; bdd_invalidate_stage_module_cache; bdd_stage_module_runtime_info; bdd_stage_plane_count; bdd_stage_plane_info; bdd_stage_plane_scroll_origin; bdd_stage_module_baklst; bdd_stage_baklst_module; bdd_stage_floor_rank; bdd_stage_shadow_rank; bdd_stage_object_rank; bdd_object_in_background_plane; bdd_stage_module_draw_rank; bdd_stage_floor_draw_rank; bdd_stage_floor_descriptor; bdd_parse_word_csv; bdd_resolve_mkbgani_tbl; bdd_mkbgani_sprite_info; bdd_resolve_bgndtbl_path; bdd_stage_module_record; bdd_stage_module_hdrs_count; bdd_stage_bmod_x_size; bdd_stage_module_blocks; bdd_create_pid_bani_proc; bdd_collect_pid_bani_procs; bdd_line_is_any_of; bdd_proc_first_sequence; bdd_parse_anim_sequence; bdd_movi_a4_coord; bdd_line_is_anim_table_label; bdd_proc_positions; bdd_proc_velocity; bdd_extract_baklst_b4; bdd_extract_call_target; bdd_block_baklst; bdd_proc_insert_baklst; bdd_stage_runtime_actors; bdd_object_runtime_origin; bdd_world_point_runtime_origin; bdd_runtime_module_min_y; bdd_runtime_module_is_detached; bdd_runtime_main_edit_bottom; bdd_runtime_detached_shelf_top; bdd_object_editor_origin; bdd_get_runtime_layout_bounds; bdd_get_editor_layout_bounds; bdd_get_editor_view_bounds; bdd_clamp_editor_view; bdd_get_game_preview_bounds; bdd_center_game_preview_camera; bdd_get_stage_start_camera; bdd_get_stage_ground_y; bdd_get_stage_scroll_limits; bdd_get_stage_bg_color; bdd_reset_game_preview_camera; bdd_object_module_index; bdd_module_plane_scroll_factor; bdd_object_game_scroll_factor; bdd_object_game_origin; bdd_object_image_label_equals; bdd_object_image_label_is_any; bdd_object_is_stage_floor; bdd_object_uses_runtime_floor_y; bdd_runtime_floor_screen_y; bdd_runtime_floor_shear_per_line; bdd_object_game_screen_y; bdd_object_runtime_draw_rank; bdd_module_block_extent; bdd_module_plane_lookup; bdd_module_runtime_placement; bdd_module_runtime_screen_rect; bdd_module_view_is_runtime; bdd_module_view_bounds; bdd_module_view_contains,b9b84e15db2c17ecd5178e0c77fdd992cd35b93db9a1d3b96f4a3cedcb68b559
platform/Core/viewer_load.cpp,yes,6741,178,Core candidate,Detailed relevant sections inspected,Retain format algorithms; extract editor/runtime dependencies,,Core/viewer_load.h; Core/app_diagnostics.h; Core/bdd_core.h; Core/bdd_metadata.h; Core/editor_project_globals.h; Core/editor_project_storage.h; Core/image_lookup.h; stdio.h; stdlib.h; string.h,bdd_load; bdb_load,609b13655fd07906a954fd409cbee455798dc0e6a08161f04cda9d19401d88b3
platform/Core/viewer_load.h,yes,186,15,Core candidate,Inventory and text index,Retain format algorithms; extract editor/runtime dependencies,,,bdd_load; bdb_load,c18325d6b1d6e79af55ab1253a18a70d91363e7f257c59e417bd2258a0426a57
platform/Core/viewer_save.cpp,yes,13398,373,Core candidate,Detailed relevant sections inspected,Retain format algorithms; extract editor/runtime dependencies,,Core/viewer_save.h; Core/app_diagnostics.h; Core/bdd_core.h; Core/bdd_metadata.h; Core/editor_project_globals.h; Core/editor_project_storage.h; Core/path_utils.h; UI/tools/mk2_runtime_actor_tool.h; UI/view/toast_notifications.h; errno.h; stdio.h; stdlib.h; string.h; new; utility; vector; windows.h; unistd.h,file_exists_readable; file_copy; make_save_temp_path; make_save_backup_path; save_target_is_readonly; replace_saved_file_with_backup; bdb_save; bdd_save,43f94e94dde9061b99516e8f1220e06ff949b90da8193d557deb17e3c21b1dae
platform/Core/viewer_save.h,yes,174,15,Core candidate,Inventory and text index,Retain format algorithms; extract editor/runtime dependencies,,,bdb_save; bdd_save,7ccae70f23029352d6ad45621fac5cbb3fd3b2b7690352de62dc537a4b831eff
platform/Core/viewer_stage_io.cpp,yes,49488,1248,Core candidate,Detailed relevant sections inspected,Retain format algorithms; extract editor/runtime dependencies,,Core/viewer_stage_io.h; bg_editor.h; bg_editor_globals.h; Core/editor_project_globals.h; Core/editor_project_storage.h; Core/image_lookup.h; Core/viewer_load.h; Core/world_module_utils.h; Core/viewer_save.h; undo_manager.h; climits; cstdio; cstdlib; cstring; strings.h,bdd_viewer_enter_edit_layout_after_bdb_load; bdd_viewer_make_ext; bdd_viewer_load_stage_for_path; bdd_viewer_roundtrip_save_stage_for_path; bdd_viewer_undo_move_smoke_for_path; reset_import_smoke_state; import_asset_smoke_for_path; bdd_viewer_import_img_smoke_for_path; bdd_viewer_import_img_folder_smoke_for_path; bdd_viewer_import_lod_smoke_for_path; bdd_viewer_new_project_save_smoke; bdd_viewer_import_png_smoke_for_path; smoke_render_diff; bdd_viewer_split_object_smoke_for_path; bdd_viewer_compact_palettes_smoke_for_path; module_pick_smoke_center_picks_self; bdd_viewer_module_pick_smoke_for_path,144e3183db59d990879b768b1dda4b47494cbcad3dcf1d3bc077d03421e8624f
platform/Core/viewer_stage_io.h,yes,1561,34,Core candidate,Inventory and text index,Retain format algorithms; extract editor/runtime dependencies,,stddef.h; stdio.h,bdd_viewer_enter_edit_layout_after_bdb_load; bdd_viewer_make_ext; bdd_viewer_load_stage_for_path; bdd_viewer_roundtrip_save_stage_for_path; bdd_viewer_undo_move_smoke_for_path; bdd_viewer_import_img_smoke_for_path; bdd_viewer_import_img_folder_smoke_for_path; bdd_viewer_import_lod_smoke_for_path; bdd_viewer_import_png_smoke_for_path; bdd_viewer_new_project_save_smoke; bdd_viewer_split_object_smoke_for_path; bdd_viewer_compact_palettes_smoke_for_path; bdd_viewer_module_pick_smoke_for_path,84ae8eae941a2020467219bd104249b8e25b78a8a4bcb42c9c795c00667b5c12
platform/Core/viewer_test_levels.cpp,yes,11446,341,Core candidate,Inventory and text index,Retain format algorithms; extract editor/runtime dependencies,,Core/viewer_test_levels.h; Core/bdd_core.h; Core/editor_project_globals.h; Core/viewer_load.h; cstdio; cstdlib; cstring,make_ext_local; proof_rect; proof_text; proof_mark_tiles; fill_bg_proof_pixels; write_rgb555_palette; bdd_write_checker_test_level; bdd_write_bg_proof_level,d59cce7a83206241ffc4bd820227d16521134c38bcb88ff4a489e523884ca6a3
platform/Core/viewer_test_levels.h,yes,240,15,Core candidate,Inventory and text index,Retain format algorithms; extract editor/runtime dependencies,,,bdd_write_checker_test_level; bdd_write_bg_proof_level,62bf22f001a7d9ee443bd91877e7a9ad8d5cb3830179f4d85de68fb60c408bc1
platform/Core/world_module_utils.cpp,yes,14588,427,Core candidate,Inventory and text index,Retain format algorithms; extract editor/runtime dependencies,,Core/world_module_utils.h; bg_editor.h; Core/bdd_core.h; Core/editor_app_globals.h; Core/editor_project_globals.h; Core/editor_project_storage.h; Core/image_lookup.h; Core/project_header.h; climits; cstdio; cstring; vector; strings.h,module_name_in_use; module_generate_unique_name; module_is_locked; module_set_locked; module_is_locked_by_index; module_selection_sync; module_selection_clear; module_selection_set_all; module_selection_count; module_selection_first; module_selection_get; module_selection_set; module_selection_toggle; module_selection_select_only; module_selection_bounds; module_selection_translate; module_ownership_changes; module_smallest_containing; object_in_locked_module; get_world_size; fit_tile_to_world; parse_module_bounds; image_max_pixel; assign_module; simple_ensure_module,7b4f03f64126c521d6be56f8627f1e8902589f111f3690f72f3a5400b72e5854
platform/Core/world_module_utils.h,yes,2967,57,Core candidate,Inventory and text index,Retain format algorithms; extract editor/runtime dependencies,,Core/bdd_format.h; cstddef,get_world_size; fit_tile_to_world; parse_module_bounds; image_max_pixel; assign_module; module_smallest_containing; simple_ensure_module; module_generate_unique_name; module_name_in_use; module_is_locked; module_set_locked; module_is_locked_by_index; object_in_locked_module; module_selection_clear; module_selection_set_all; module_selection_count; module_selection_first; module_selection_get; module_selection_set; module_selection_toggle; module_selection_select_only; module_selection_bounds; module_selection_translate; module_ownership_changes,180901e36853631231821a22c1fcf8430cc964957d54cee64db13ac22ecb8577
platform/Core/zip_writer.cpp,yes,5979,200,Core candidate,Inventory and text index,Retain format algorithms; extract editor/runtime dependencies,,Core/zip_writer.h; cstdio; cstdlib; cstring; ctime; new; string; vector,dos_stamp; put16; put32; zip_writer_add_memory; zip_writer_add_file; zip_writer_close,e4d232847a23678201762f6ee3c214bb6117c45e1640c0f072477329e4051948
platform/Core/zip_writer.h,yes,821,21,Core candidate,Inventory and text index,Retain format algorithms; extract editor/runtime dependencies,,stddef.h; stdbool.h,zip_writer_add_file; zip_writer_add_memory; zip_writer_close,c393b706dc9ffc1a7e38ded02ae9ccd2f84a9122e736877071ec0f13de497631
platform/UI/actions/clipboard.cpp,yes,28841,812,UI/application,Inventory and text index,Extract useful services; replace or consolidate presentation and state,,bg_editor.h; bg_editor_globals.h; undo_manager.h; imgui.h; array; climits; cstdlib; cstring; vector,clipboard_clear_assets; current_document_id; clipboard_is_cross_document; clipboard_find_palette; clipboard_add_palette; clipboard_find_image; clipboard_add_image_for_idx; palette_matches_clip; ensure_clip_palette_in_project; next_free_image_index; chop_image_to_map; delete_image_slot_if_unused; remove_unused_palettes_impl; image_matches_clip; ensure_clip_image_in_project; copy_selected_objects_to_clipboard; bounds_reset; bounds_add_rect; clipboard_image_dims; object_bounds_at; object_palette_for_image; nearest_object_bounds_to; rounded_div_nearest; visible_world_rect; center_group_delta_in_view; rect_intersects; center_view_on_bounds; snap_group_delta_to_asset_grid; smart_snap_group_delta_to_edges; choose_smart_paste_delta; paste_clipboard_objects,ab3ccc3348e6a9f52af89d77eac37537cc91a8fab411b8fb07623dd90f397ee9
platform/UI/actions/export_viewport.cpp,yes,2118,59,UI/application,Inventory and text index,Extract useful services; replace or consolidate presentation and state,,Core/editor_project_globals.h; Core/image_lookup.h; UI/actions/export_viewport.h; UI/dialogs/native_file_dialogs.h; libs/stb_image_write.h; imgui.h; cstdlib; cstring,export_viewport_png,8beb82e36c9c6775b744108bdde8eb75137eb71159fe93a1170d5cea0d9168a9
platform/UI/actions/export_viewport.h,yes,93,6,UI/application,Inventory and text index,Extract useful services; replace or consolidate presentation and state,,,export_viewport_png,0ba2f5ee95f994fa9f60c27068ceb1052412b8ef812892d38ad2c9d79c3a8ebf
platform/UI/actions/module_runtime_promote.cpp,yes,5012,149,UI/application,Inventory and text index,Extract useful services; replace or consolidate presentation and state,,UI/actions/module_runtime_promote.h; bg_editor.h; bg_editor_globals.h; Core/world_module_utils.h; UI/view/toast_notifications.h; cstdio; cstring,module_runtime_info; module_runtime_in_sync; module_promote_position_to_runtime; module_runtime_promote_pending; module_promote_all_positions_to_runtime,0d1827e093c04c34ac63fe6c2c7e41199bc70bfeacf4c58a986eb9380bd8d4bc
platform/UI/actions/module_runtime_promote.h,yes,2697,57,UI/application,Inventory and text index,Extract useful services; replace or consolidate presentation and state,,,module_runtime_info; module_runtime_in_sync; module_promote_position_to_runtime; module_promote_all_positions_to_runtime; module_runtime_promote_pending,53825fc401d3745fc0fcd4ddb067f7d16c97c31c68228a96949ddbde16d568e8
platform/UI/actions/object_actions.cpp,yes,23349,686,UI/application,Inventory and text index,Extract useful services; replace or consolidate presentation and state,,bg_editor.h; bg_editor_globals.h; Core/world_module_utils.h; UI/actions/object_position_undo.h; undo_manager.h; libs/stb_image_write.h; imgui.h; climits; cstdio; cstdlib; cstring; vector,active_object_index; open_object_properties; obj_properties_take_focus_request; active_menu_image_index; normalize_object_order_to_array; move_object_to_index; object_menu_targeted; object_action_runtime_locked; object_actions_clear_selection; reorder_object_menu_targets; delete_object_targets_preserve_order; delete_object_menu_targets; delete_selected_objects_preserve_order; duplicate_object_menu_targets; flip_object_targets_mirrored; flip_object_menu_targets; center_view_on_object; edit_block_for_object; export_object_image_png_dialog; select_all_with_image_ii; select_all_in_layer_byte; assign_layer_to_object_targets; assign_palette_to_object_targets; assign_module_to_object_targets; count_visible_unselected_in_bounds; wrap_selected_objects_in_region; create_module_from_selection; module_collect_stats; module_select_objects; module_center_view; add_image_to_view_center,eb59aaa0c35364617c69f35a24bcf0c9aa4c34bf83084cd6084cd388ec03f601
platform/UI/actions/object_actions.h,yes,96,6,UI/application,Inventory and text index,Extract useful services; replace or consolidate presentation and state,,,center_view_on_object,4640163e1b2146b323507347c6ebd76a4124998d5e8627ea2ed51e7fbdc8e34d
platform/UI/actions/object_position_undo.cpp,yes,4608,140,UI/application,Detailed relevant sections inspected,Extract useful services; replace or consolidate presentation and state,,UI/actions/object_position_undo.h; Core/editor_project_globals.h; Core/editor_project_storage.h; undo_manager.h,object_position_undo_capture_selected; object_position_undo_capture_mask; object_position_undo_commit; object_record_undo_capture_selected; object_record_undo_capture_mask; object_record_undo_commit,0200a3e838657c9cee74b32df2196d3c631aaf916efe4a5aceb2d757d8012bcd
platform/UI/actions/object_position_undo.h,yes,1132,33,UI/application,Inventory and text index,Extract useful services; replace or consolidate presentation and state,,vector; Core/bdd_format.h,object_position_undo_capture_selected; object_position_undo_capture_mask; object_position_undo_commit; object_record_undo_capture_selected; object_record_undo_capture_mask; object_record_undo_commit,89b88178ff2b320bcb6cf2bb49fcf57baf131c3017d1306501b2c073dae97845
platform/UI/actions/palette_actions.cpp,yes,12678,341,UI/application,Inventory and text index,Extract useful services; replace or consolidate presentation and state,,bg_editor_globals.h; undo_manager.h; array; cstddef; cstdio; cstring; vector,merge_duplicate_palettes; update_palette_references; build_blended_palette; apply_palette_blend_tool; color_index_exact; collect_palette_pixel_indexes; apply_palette_union_merge_tool; batch_palette_rebuild,b8181517c51849f12c734aba6982f9960085d9ffd5da03bd348212fd85982ed2
platform/UI/actions/selection_helpers.cpp,yes,1273,47,UI/application,Inventory and text index,Extract useful services; replace or consolidate presentation and state,,Core/editor_project_globals.h; UI/actions/selection_helpers.h,selected_count; first_selected_object; toggle_object_selection; hide_unselected_objects; show_all_objects,4695169eb4b6a7c7acbe38da4bf71ffad6811f010e74e1e8cdb8895756e8f7dd
platform/UI/actions/selection_helpers.h,yes,195,9,UI/application,Inventory and text index,Extract useful services; replace or consolidate presentation and state,,,selected_count; toggle_object_selection; hide_unselected_objects; show_all_objects,967327b7f136ad933fdfa20cf02ce472762ced617ff546bea35263d679dfe5e5
platform/UI/actions/stage_command_clipboard.cpp,yes,422,13,UI/application,Inventory and text index,Extract useful services; replace or consolidate presentation and state,,Core/editor_app_globals.h; UI/tools/mk2_stage_config.h; UI/view/toast_notifications.h; imgui.h,stage_copy_command,85cde9e52aa14be0cbb743bdd7ea0f66ae07f2516b069203c98b2b8fe4eeb180
platform/UI/app/PanelManager.cpp,yes,681,35,UI/application,Detailed relevant sections inspected,Extract useful services; replace or consolidate presentation and state,,UI/app/PanelManager.h; utility,,edb0e14527649f14a88993026b853fbd34dee4034e3998eb3a272ee525f5955a
platform/UI/app/PanelManager.h,yes,670,27,UI/application,Inventory and text index,Extract useful services; replace or consolidate presentation and state,,UI/widgets/IEditorPanel.h; vector; memory,register_panel; render_panels; render_panels; clear,60b776288cdc131b7d900efb4d54ed6e1a571efa5e3d7950456e406384aaa3aa
platform/UI/app/autosave.cpp,yes,1203,39,UI/application,Detailed relevant sections inspected,Extract useful services; replace or consolidate presentation and state,,Core/editor_app_globals.h; Core/editor_project_globals.h; Core/path_utils.h; Core/stage_paths.h; Core/viewer_save.h; UI/app/autosave.h; UI/tools/palette_color_tools.h; cstdio; cstring,run_auto_save_tick,443d417bf458666e5e8c5f78e8c54626ba50bc4da789e691beedf1c4a63c2930
platform/UI/app/autosave.h,yes,78,6,UI/application,Inventory and text index,Extract useful services; replace or consolidate presentation and state,,,run_auto_save_tick,9455bc398fa89e4ec7ed56d6875333479ab0759aac641dd7fcb2ceaed577a234
platform/UI/app/editor_command_processor.cpp,yes,1017,35,UI/application,Inventory and text index,Extract useful services; replace or consolidate presentation and state,,Core/editor_commands.h; bg_editor_globals.h; vector,editor_process_commands,0e7fd827b5f68d76c2cd14ebded51e44d0c9aee41f528d424b46cdf7ffb79fce
platform/UI/app/editor_events.cpp,yes,9183,215,UI/application,Detailed relevant sections inspected,Extract useful services; replace or consolidate presentation and state,,bg_editor.h; bg_editor_globals.h; Core/world_module_utils.h; UI/sdl/sdl_object_picker.h; undo_manager.h; imgui.h; imgui_impl_sdl2.h; cstring; strings.h,bg_editor_process_event,6a2dbc95d46b8383f195af3175ebcb4e7db91ff0dc20c0bcd746cb9dbf00492d
platform/UI/app/editor_lifecycle.cpp,yes,8527,221,UI/application,Detailed relevant sections inspected,Extract useful services; replace or consolidate presentation and state,,bg_editor.h; bg_editor_globals.h; Core/editor_commands.h; undo_manager.h; UI/app/PanelManager.h; UI/tools/palette_color_tools.h; UI/panels/DocumentTabsPanel.h; UI/panels/MenuBarPanel.h; UI/panels/RightRailPanels.h; UI/panels/StatsPanels.h; UI/panels/ToolbarPanel.h; UI/panels/ToolboxPanel.h; UI/panels/UtilityPanels.h; imgui.h; imgui_impl_sdl2.h; imgui_impl_sdlrenderer2.h; cstdio; cstdlib,bg_editor_init; bg_editor_new_frame; editor_canvas_top_y; bg_editor_canvas_top_px; bg_editor_shutdown; bg_editor_request_close; bg_editor_take_close_approved; bg_editor_wants_input; bg_editor_wants_wheel; bg_editor_wants_keyboard,35f2c8557f10f4b0fbc0dc405a91ec957670881a1acaba4f1115b590082ec88b
platform/UI/app/editor_lifecycle.h,yes,96,6,UI/application,Inventory and text index,Extract useful services; replace or consolidate presentation and state,,,editor_canvas_top_y,5c13885e1f06548642472b45cfd10fa1d20272e5b34705bf1237e0ed1b9367fd
platform/UI/app/editor_render.cpp,yes,4634,146,UI/application,Detailed relevant sections inspected,Extract useful services; replace or consolidate presentation and state,,bg_editor.h; bg_editor_globals.h; Core/editor_commands.h; UI/app/PanelManager.h; UI/tools/stage_share_bundle.h; imgui.h; imgui_impl_sdlrenderer2.h; cstdio; cstring; strings.h,find_img_by_label_casefold; bg_editor_render,3e22d59101367cf787394a8fa16c5ad12a875d347ea22903cc99b53801cce67d
platform/UI/app/save_project.cpp,yes,11257,322,UI/application,Detailed relevant sections inspected,Extract useful services; replace or consolidate presentation and state,,bg_editor.h; bg_editor_globals.h; Core/path_utils.h; Core/project_header.h; UI/dialogs/native_file_dialogs.h; UI/tools/palette_color_tools.h; cerrno; climits; cstdio; cstring; sys/stat.h; windows.h; strings.h,backup_to_tmp; derive_path_with_ext; project_has_bdb_save_data; path_is_anchored; project_save_location_is_set; set_project_save_paths_from_any; suggested_save_name; prompt_for_project_save_location; ensure_companion_save_paths; ensure_bdb_header_for_save; save_all_project; save_all_dirty_documents,9c7cfb3499b2828d7e21ef79781d9a3ea955d97f8e3e9941708172a180cdb473
platform/UI/app/settings.cpp,yes,2458,74,UI/application,Detailed relevant sections inspected,Extract useful services; replace or consolidate presentation and state,,bg_editor_globals.h; cstdio,settings_save; settings_load; settings_load_runtime_autoload_pref_once,ee0880af37c191a5c966aef0a224fdebd18ac9040ffbf6ddee3b3de600a1018e
platform/UI/app/settings.h,yes,99,7,UI/application,Inventory and text index,Extract useful services; replace or consolidate presentation and state,,,settings_save; settings_load,7e42782c1f0b7f102ede89af76d2020cf700a0e5fd45b6f00f87d4e1038a54cc
platform/UI/app/stage_open.cpp,yes,2298,95,UI/application,Detailed relevant sections inspected,Extract useful services; replace or consolidate presentation and state,,bg_editor.h; bg_editor_globals.h; cstdio; cstring,enter_edit_layout_after_stage_load; open_stage_path_now; open_mk2_tool,76fbf9f0a348ce8072865b6dfb5b04e236031050e18f8d2e42af335a41eacc26
platform/UI/assets/app_icon.cpp,yes,3874,135,UI/application,Inventory and text index,Extract useful services; replace or consolidate presentation and state,,UI/assets/app_icon.h; libs/stb_image.h; cstdio; SDL_syswm.h; windows.h,bdd_prepare_app_identity; try_set_windows_resource_icon; bdd_prepare_app_identity; try_set_app_icon; bdd_set_app_icon,e4ee3c6fed99097128fb880c900023a4a689be60d8f363f64a18b32578ffc02b
platform/UI/assets/app_icon.h,yes,228,17,UI/application,Inventory and text index,Extract useful services; replace or consolidate presentation and state,,SDL.h,bdd_prepare_app_identity; bdd_set_app_icon,ddf077bc195334303c0bc2cdb9e6423f07fdf3a05d8221144e11115bb59cc935
platform/UI/assets/image_asset_helpers.cpp,yes,8278,226,UI/application,Inventory and text index,Extract useful services; replace or consolidate presentation and state,,bg_editor_globals.h; undo_manager.h; cstdio; cstdlib; cstring; vector; strings.h,text_contains_ci; image_matches_known_lod_source; image_matches_search; image_is_imported_asset; image_passes_list_filter; collect_matching_imported_images; select_matching_imported_image_uses; delete_matching_imported_images_and_uses; delete_unused_images_impl,0e7ec116ec38b058c4bc96d635369e30186edead5cc7c9b43a01763f02e1f50b
platform/UI/assets/image_draw_helpers.cpp,yes,2342,63,UI/application,Inventory and text index,Extract useful services; replace or consolidate presentation and state,,UI/assets/image_draw_helpers.h; UI/assets/texture_cache.h; imgui.h,draw_checkerboard_background; draw_transparent_image; draw_editor_texture_transparent; draw_editor_texture_transparent_uv; draw_solid_backdrop_image,395b0eac20030921c0c046cbc89f37852c23043c5f25b45af1e4270712cce50c
platform/UI/assets/image_draw_helpers.h,yes,377,11,UI/application,Inventory and text index,Extract useful services; replace or consolidate presentation and state,,SDL.h,draw_editor_texture_transparent; draw_editor_texture_transparent_uv,7b6a81532f319f72bcaf174a012f1f8c43796113c1f5b123bd810a2e2e3ef6ce
platform/UI/assets/preview_image_file.cpp,yes,2147,72,UI/application,Inventory and text index,Extract useful services; replace or consolidate presentation and state,,Core/path_utils.h; UI/assets/preview_image_file.h; UI/sdl/sdl_context.h; imgui.h; libs/stb_image.h; cstdio; cstring; cstdint,clear_preview_image_file_texture; load_preview_texture; draw_preview_image_file,57cc2fdf9158d92d72d6f816be3e1a62e2432a8bc3b78eaa6749ef03e524d925
platform/UI/assets/preview_image_file.h,yes,179,7,UI/application,Inventory and text index,Extract useful services; replace or consolidate presentation and state,,,clear_preview_image_file_texture; draw_preview_image_file,54f58d0623b2c22584f625236aea0a9168e8537588f35b7e0031e7d888593602
platform/UI/assets/texture_cache.cpp,yes,6323,203,UI/application,Inventory and text index,Extract useful services; replace or consolidate presentation and state,,UI/assets/texture_cache.h; Core/editor_app_globals.h; Core/editor_project_globals.h; Core/editor_project_storage.h; cstdlib,destroy_texture_array; texture_variants_clear; bdd_texture_cache_set_renderer; bdd_texture_cache_rebuild_all; bdd_texture_cache_destroy; bdd_texture_cache_refresh_if_needed,610de6c1910fe5e3ac6c4eea62c23f56a36a1159e36a94d0b1a4882993d71243
platform/UI/assets/texture_cache.h,yes,814,30,UI/application,Inventory and text index,Extract useful services; replace or consolidate presentation and state,,SDL.h,bdd_texture_cache_set_renderer; bdd_texture_cache_rebuild_all; bdd_texture_cache_destroy; bdd_texture_cache_refresh_if_needed,4907af3e641b10fc17ef78c383513c4da03f5975040f6c9817cc56f4152fd691
platform/UI/dialogs/background_picker.cpp,yes,710,20,UI/application,Inventory and text index,Extract useful services; replace or consolidate presentation and state,,Core/editor_app_globals.h; Core/editor_project_globals.h; UI/dialogs/background_picker.h; UI/view/right_panel_layout.h; imgui.h,draw_bg_picker,27537791521ca35e2253ced3388477482f438a8de1e217d7e851900ba36fda26
platform/UI/dialogs/background_picker.h,yes,92,6,UI/application,Inventory and text index,Extract useful services; replace or consolidate presentation and state,,,draw_bg_picker,4462361a7791422396c7cff33af5a021564d05818f5f097e2172e7507ffc0b2f
platform/UI/dialogs/grid_settings.cpp,yes,881,27,UI/application,Inventory and text index,Extract useful services; replace or consolidate presentation and state,,Core/editor_app_globals.h; Core/editor_project_globals.h; UI/dialogs/grid_settings.h; UI/view/right_panel_layout.h; imgui.h,draw_grid_settings,0f31bde0d3ea99bb115fcfa85aa6002b8070b29877aba3638f3cad89ef1129e3
platform/UI/dialogs/grid_settings.h,yes,88,6,UI/application,Inventory and text index,Extract useful services; replace or consolidate presentation and state,,,draw_grid_settings,fcd9e314895024601a1ebdd4a8e1bcf496caa6c01476ae5bb51f9c87c2915e33
platform/UI/dialogs/image_index_editor.cpp,yes,1578,39,UI/application,Inventory and text index,Extract useful services; replace or consolidate presentation and state,Cancel,Core/editor_app_globals.h; Core/editor_project_globals.h; UI/dialogs/image_index_editor.h; imgui.h; undo_manager.h; stdlib.h,draw_img_idx_edit,1e2902e47ec9480e9d76fd861f44c7f67cb66c1e33e173812aeed7b5ee529335
platform/UI/dialogs/image_index_editor.h,yes,97,6,UI/application,Inventory and text index,Extract useful services; replace or consolidate presentation and state,,,draw_img_idx_edit,656a91db3666f087d38fb047d00b9dc36c8f8ab5537341a56b6f31e9efb12ffc
platform/UI/dialogs/img_import_picker.cpp,yes,16513,409,UI/application,Inventory and text index,Extract useful services; replace or consolidate presentation and state,Optimize selected after import; Trim; Compact palettes; Treat IMG index 0 as transparent; Skip labels already in BDD; Select Visible; Select New; Clear Visible; ##use; Import Selected,bg_editor.h; bg_editor_globals.h; Core/img_format.h; imgui.h; stdio.h; stdlib.h; string.h; vector,img_picker_text_contains_ci; img_import_discard_preview_textures; img_import_choices_clear; img_import_choice_matches_filter; open_img_import_picker; draw_img_import_picker,42555f141a502f2dc837e0af1e99b9d54a5de64776f44610a798ac24e888abe9
platform/UI/dialogs/info_dialogs.cpp,yes,4264,106,UI/application,Inventory and text index,Extract useful services; replace or consolidate presentation and state,Close,Core/app_version.h; Core/editor_app_globals.h; UI/dialogs/info_dialogs.h; UI/view/right_panel_layout.h; imgui.h,draw_help; draw_about,7cc96fde8ddd6abde102680532c60099978dc73518f4cce6c9ad09e80356558b
platform/UI/dialogs/info_dialogs.h,yes,100,7,UI/application,Inventory and text index,Extract useful services; replace or consolidate presentation and state,,,draw_help; draw_about,2a5d80499ee35642fc9e02e11abe32620191ff67d116e936146d667cf2ba5622
platform/UI/dialogs/native_file_dialogs.cpp,yes,5121,165,UI/application,Inventory and text index,Extract useful services; replace or consolidate presentation and state,,utils/compat.h; UI/dialogs/native_file_dialogs.h; cstdio; cstring; commdlg.h; shlobj.h; cstdio,file_dialog_open; append_default_ext; file_dialog_save_ext; file_dialog_save; folder_dialog_open,ca867250a0d7a5814ceb2d4f057489482487e988b15b2526c7dd394c530429d2
platform/UI/dialogs/native_file_dialogs.h,yes,638,13,UI/application,Inventory and text index,Extract useful services; replace or consolidate presentation and state,,,file_dialog_open; file_dialog_save; file_dialog_save_ext; folder_dialog_open,fa562270f7771933f6f7aa978bac718dd81d07ec870c510f1e3d49e1ea4bf107
platform/UI/dialogs/new_project_dialog.cpp,yes,8936,210,UI/application,Inventory and text index,Extract useful services; replace or consolidate presentation and state,##card; Create; Cancel; Cancel; Create; Cancel,bg_editor_globals.h; Core/project_header.h; imgui.h; undo_manager.h; cstdlib; cstdio; cstring,open_new_mk2_project_from_template; new_project_apply; draw_new_project,5e5370ae12acd05b10cfa9a4385a91f4f3171bb706e0c6951f2a8fc526daf3c7
platform/UI/dialogs/preferences_panel.cpp,yes,2215,59,UI/application,Detailed relevant sections inspected,Extract useful services; replace or consolidate presentation and state,Auto-load runtime extras and animations,Core/editor_app_globals.h; Core/editor_project_globals.h; bg_editor.h; UI/dialogs/preferences_panel.h; UI/tools/mk2_runtime_actor_tool.h; UI/view/right_panel_layout.h; UI/app/settings.h; imgui.h,draw_preferences,9432dd88c0c6809409f1f1e644ec5c1ae1e8775f9f766672e7c845d756edb870
platform/UI/dialogs/preferences_panel.h,yes,94,6,UI/application,Inventory and text index,Extract useful services; replace or consolidate presentation and state,,,draw_preferences,13e4896fa045585f2b50e440700189a3d59a508e8dfece2fb92db4e474b42355
platform/UI/dialogs/quit_dialog.cpp,yes,1661,47,UI/application,Inventory and text index,Extract useful services; replace or consolidate presentation and state,Save && Quit; Discard; Cancel; Quit; Cancel,Core/editor_app_globals.h; Core/editor_project_globals.h; Core/viewer_save.h; UI/dialogs/quit_dialog.h; UI/tools/palette_color_tools.h; imgui.h; stdlib.h,save_all_project; draw_quit_dialog,f9216eea28c97178f466f4143eb41123cc0cc89ad90c740e513c31f0541d4ad4
platform/UI/dialogs/quit_dialog.h,yes,82,6,UI/application,Inventory and text index,Extract useful services; replace or consolidate presentation and state,,,draw_quit_dialog,f51d4e8692656719e2099a3aa635bc3387f775980e75b4b12c1a2591e38936e1
platform/UI/dialogs/reference_settings.cpp,yes,1852,48,UI/application,Inventory and text index,Extract useful services; replace or consolidate presentation and state,Load PNG...; Clear,Core/editor_project_globals.h; Core/editor_app_globals.h; UI/dialogs/native_file_dialogs.h; UI/dialogs/reference_settings.h; UI/view/right_panel_layout.h; UI/sdl/sdl_context.h; imgui.h; libs/stb_image.h; stddef.h,draw_ref_settings,b27c53e0ecce9a640298d94ef3d47d1d6285e52c5c3f8cf02125defac8f7b1e3
platform/UI/dialogs/reference_settings.h,yes,97,6,UI/application,Inventory and text index,Extract useful services; replace or consolidate presentation and state,,,draw_ref_settings,d830d4a288ce0fe6a86e17b06d7ab979861b30d6001b9fdeed44fc00e79b208b
platform/UI/dialogs/save_error_popup.cpp,yes,3446,79,UI/application,Inventory and text index,Extract useful services; replace or consolidate presentation and state,Save Runtime Sidecar; Discard Previews + Save; OK,Core/editor_app_globals.h; UI/dialogs/save_error_popup.h; UI/tools/mk2_runtime_actor_tool.h; UI/view/toast_notifications.h; imgui.h; stdio.h; string.h,save_all_project; open_save_error_popup; draw_save_error_popup,8a832137c3f74c22196e781374cfa8b2b16a9f884d315e26a6910601e0b753c9
platform/UI/dialogs/save_error_popup.h,yes,145,7,UI/application,Inventory and text index,Extract useful services; replace or consolidate presentation and state,,,open_save_error_popup; draw_save_error_popup,9d424e9a0cdc81bd3411db7f9a78108c04846818b88d2d13714b8570a3315838
platform/UI/dialogs/tile_fill_dialog.cpp,yes,3568,97,UI/application,Inventory and text index,Extract useful services; replace or consolidate presentation and state,Fit World; Fill; Cancel,bg_editor_globals.h; undo_manager.h; imgui.h; stdio.h; string.h,tile_fill_apply; draw_tile_fill,98aa27e4ea403236c5fadb2ad1a8af2210d21adfe27509e811097cf5fffe0715
platform/UI/dialogs/unsaved_action_dialog.cpp,yes,3446,117,UI/application,Inventory and text index,Extract useful services; replace or consolidate presentation and state,Save and Continue; Don't Save; Cancel,bg_editor_globals.h; imgui.h; cstdio,has_unsaved_work; clear_unsaved_action; execute_unsaved_action; request_unsaved_action; draw_unsaved_action_prompt,1e171833b215b32df773160e9698a4b8be2bcbb45b32c88be8df24c4bc01eabd
platform/UI/dialogs/verify_dialog.cpp,yes,5203,118,UI/application,Inventory and text index,Extract useful services; replace or consolidate presentation and state,Close,bg_editor_globals.h; imgui.h; stdio.h; string.h,draw_verify,1fd9309ec547ab7df7d032129e77f53081cbf54ea977b3a58862197ce0b65758
platform/UI/overlays/alignment_doctor_overlay.cpp,yes,6638,167,UI/application,Inventory and text index,Extract useful services; replace or consolidate presentation and state,,bg_editor.h; bg_editor_globals.h; imgui.h; stdio.h; string.h; vector,alignment_object_screen_rect; draw_alignment_doctor_label; draw_alignment_doctor_overlay,afc8c10f786b1150c1948821cb3b8a6c17e4e99b9353f52348b404782cfaaf2e
platform/UI/overlays/game_view_overlay.cpp,yes,61869,1491,UI/application,Detailed relevant sections inspected,Extract useful services; replace or consolidate presentation and state,|<; >|; V Sweep; Split; Stop; Rec; Pal Anim,bg_editor.h; bg_editor_globals.h; Core/editor_project_storage.h; Core/project_header.h; Core/world_module_utils.h; undo_manager.h; libs/stb_image_write.h; imgui.h; climits; cmath; cstdio; cstdlib; cstring; vector,bounds_reset; bounds_add_rect; rounded_div_nearest; runtime_consider_snap_pair; runtime_consider_snap_target; game_preview_object_bounds_at_source; game_preview_snap_drag_delta; game_view_max_object_order; game_view_clear_selection; clone_game_preview_drag_targets; game_view_report_module_ownership_changes; game_view_project_module_rect; game_view_rewrite_module_bounds; game_view_module_handle_at; game_view_module_body_contains; game_view_set_resize_cursor; game_view_draw_module_handles; draw_game_view_module_resize_overlay; export_game_frame_png; draw_game_view_overlay,0846067662e7123fe497002b19819e5816604ae4143cae760e9b40f421b13beb
platform/UI/overlays/module_bounds_overlay.cpp,yes,19688,481,UI/application,Inventory and text index,Extract useful services; replace or consolidate presentation and state,,bg_editor.h; bg_editor_globals.h; Core/editor_project_storage.h; Core/project_header.h; Core/world_module_utils.h; undo_manager.h; imgui.h; climits; cmath; cstring; stdio.h,module_bounds_project_rect; module_bounds_handle_at; module_bounds_round_nearest; module_bounds_drag_delta; module_bounds_set_cursor; module_bounds_rewrite; module_bounds_draw_handles; module_bounds_cancel_move; draw_module_bounds_overlay,c0ead656d527077a679544c2d055fbe85416089d46a3f2b4815d0428594850f2
platform/UI/overlays/sdl_alignment_guides.cpp,yes,1013,26,UI/application,Inventory and text index,Extract useful services; replace or consolidate presentation and state,,UI/overlays/sdl_alignment_guides.h; bg_editor.h,bdd_alignment_guides_draw,bcfabccb6de353374a194a61571c77d889b9cba059921fb49ca12e4af9085370
platform/UI/overlays/sdl_alignment_guides.h,yes,454,20,UI/application,Inventory and text index,Extract useful services; replace or consolidate presentation and state,,SDL.h,bdd_alignment_guides_draw,77731ed4757a7ad1a3387dc7dbdaa84e6dec2357a0fa41abf62ad2972dbbc147
platform/UI/overlays/sdl_reference_overlay.cpp,yes,723,23,UI/application,Inventory and text index,Extract useful services; replace or consolidate presentation and state,,UI/overlays/sdl_reference_overlay.h; bg_editor.h; bg_editor_globals.h,bdd_reference_overlay_draw,594a93cb78d8a64f159e048cef0b6244349d2f45f6fb1b154d694239a1ad32b4
platform/UI/overlays/sdl_reference_overlay.h,yes,247,16,UI/application,Inventory and text index,Extract useful services; replace or consolidate presentation and state,,SDL.h,bdd_reference_overlay_draw,7aa8fb88cf1e65a75cef6075ed695c02dcaa37ceb0a42592fb2c0e492fd8f25e
platform/UI/overlays/sdl_view_hud.cpp,yes,2242,62,UI/application,Inventory and text index,Extract useful services; replace or consolidate presentation and state,,UI/overlays/sdl_view_hud.h; UI/sdl/sdl_bitmap_font.h; bg_editor_globals.h; cstdio; cstring,draw_text_label; bdd_view_hud_draw,47cdd52ae6fcea5d2fff421262bfd05ecee3d2e685e880beb4a77c4845c254f8
platform/UI/overlays/sdl_view_hud.h,yes,212,16,UI/application,Inventory and text index,Extract useful services; replace or consolidate presentation and state,,SDL.h,bdd_view_hud_draw,78ab182ebd853a6db77f345d914a030a506bddd1bf2188c159c05886bcea68cd
platform/UI/overlays/sdl_world_grid_overlay.cpp,yes,4520,112,UI/application,Inventory and text index,Extract useful services; replace or consolidate presentation and state,,UI/overlays/sdl_world_grid_overlay.h; UI/sdl/sdl_bitmap_font.h; bg_editor.h; bg_editor_globals.h; cstdio; cstring,draw_grid_label; bdd_world_grid_overlay_draw,ea302e317d68f076b08aaa053712a23cda78b726982b840ef3bfbe979f3dfc58
platform/UI/overlays/sdl_world_grid_overlay.h,yes,348,18,UI/application,Inventory and text index,Extract useful services; replace or consolidate presentation and state,,SDL.h,bdd_world_grid_overlay_draw,c3b3c18e2ea8ad9719c9de11f1b8d2a114e4999094de1dbd2a5d8d8f28b3a4c3
platform/UI/overlays/sdl_world_markers.cpp,yes,2481,63,UI/application,Inventory and text index,Extract useful services; replace or consolidate presentation and state,,UI/overlays/sdl_world_markers.h; bg_editor.h; bg_editor_globals.h; cstdio,bdd_world_markers_draw; bdd_mouse_crosshair_draw,33a554b94734d8ecedf2e50f55d1efe01edbb99beea8e384a7425c73038fd42d
platform/UI/overlays/sdl_world_markers.h,yes,356,18,UI/application,Inventory and text index,Extract useful services; replace or consolidate presentation and state,,SDL.h,bdd_world_markers_draw; bdd_mouse_crosshair_draw,48ad4d1f9c061db90294c599f0d9461d6c1c9e383456c7abf33125a2915a17f1
platform/UI/overlays/world_context_overlay.cpp,yes,16210,294,UI/application,Inventory and text index,Extract useful services; replace or consolidate presentation and state,,bg_editor.h; bg_editor_globals.h; Core/world_module_utils.h; UI/actions/module_runtime_promote.h; imgui.h; cstdio; cstring; strings.h,draw_world_context_overlay,a72ab5c6ac051083dd821710870c5db11654cbcb1a5972314cd16148cf25f515
platform/UI/overlays/world_game_rect_overlay.cpp,yes,1290,34,UI/application,Inventory and text index,Extract useful services; replace or consolidate presentation and state,,bg_editor.h; bg_editor_globals.h; imgui.h,draw_world_game_rect,1b3a3af002178136e4aca18e10df9a33d8d7570eef809584197f1b4a228d5ecf
platform/UI/overlays/world_object_overlays.cpp,yes,3687,74,UI/application,Inventory and text index,Extract useful services; replace or consolidate presentation and state,,bg_editor.h; bg_editor_globals.h; imgui.h; cstdio,draw_world_object_overlays,a7a160ee7a66290b61820565874f293085031859add46b329638f915bee82431
platform/UI/panels/DocumentTabsPanel.h,yes,308,10,UI/application,Inventory and text index,Extract useful services; replace or consolidate presentation and state,,UI/widgets/IEditorPanel.h,render,89d73a2a56ca7637a65183488790ff1e554f4eb43814a1a6c1d4846fc2a95bc8
platform/UI/panels/MenuBarPanel.h,yes,294,10,UI/application,Inventory and text index,Extract useful services; replace or consolidate presentation and state,,UI/widgets/IEditorPanel.h,render,897296186465ff85d9e0fe77e207ac4e632e9ba0ddb0eae249e2e5daed8c1e58
platform/UI/panels/RightRailPanels.h,yes,1180,33,UI/application,Inventory and text index,Extract useful services; replace or consolidate presentation and state,,UI/widgets/IEditorPanel.h,render; render; render; render,e362407f603a2b169bc35053fa862e3fd8376e068eb2a56df39237ccc2050c04
platform/UI/panels/StatsPanels.h,yes,372,15,UI/application,Inventory and text index,Extract useful services; replace or consolidate presentation and state,,UI/widgets/IEditorPanel.h,render; render,8612bc9ecc1747ab6b89c5c5771e8ca48de632b24a7737001d2b518f7e9746e5
platform/UI/panels/ToolbarPanel.h,yes,374,13,UI/application,Inventory and text index,Extract useful services; replace or consolidate presentation and state,,UI/widgets/IEditorPanel.h,render,7855309fb34ebc296aa32450c78194e5959f44a7d2771f1ab0877a93afc1a5a4
platform/UI/panels/ToolboxPanel.h,yes,374,13,UI/application,Inventory and text index,Extract useful services; replace or consolidate presentation and state,,UI/widgets/IEditorPanel.h,render,05ac8d23be230b52a6c93ee4ed5a99960d2a808012abf12265f44fe9d93fa90b
platform/UI/panels/UtilityPanels.h,yes,1370,51,UI/application,Inventory and text index,Extract useful services; replace or consolidate presentation and state,,UI/widgets/IEditorPanel.h,render; render; render; render; render; render; render; render,590e0d47ff24b0423a730e6be292bf63c0f747617e99248b7e9d4aee8e916484
platform/UI/panels/block_editor.cpp,yes,33360,786,UI/application,Inventory and text index,Extract useful services; replace or consolidate presentation and state,-; +; 1:1; 8x; Fit; Grid; Undo; Redo; Erase; Used colors only,bg_editor_globals.h; imgui.h; undo_manager.h; stdio.h; stdlib.h; string.h; vector,block_paint_pixel; block_paint_line; block_pixel_undo_begin; block_pixel_undo_commit; block_palette_undo_capture; block_palette_undo_commit; block_palette_mark_changed; block_editor_draw_checkerboard_background; block_editor_draw_solid_backdrop_image; block_editor_clamp_state; block_editor_fit_zoom; block_editor_clamp_u8; block_editor_collect_tone_indexes; block_editor_apply_tone_from_capture; block_editor_finish_tone_edit; block_editor_draw_backdrop; block_editor_bg_option; draw_block_editor,38a5e874eac795a6d41853b8feac8953954b47ab2c35bfbd023d94bd7e23e7c3
platform/UI/panels/checkpoints_panel.cpp,yes,1705,49,UI/application,Inventory and text index,Extract useful services; replace or consolidate presentation and state,Save Checkpoint; Restore; Delete,UI/panels/UtilityPanels.h; bg_editor_globals.h; imgui.h; undo_manager.h,,93e7b056b15b26f991f852a8d09a7081bbed038c166bf32c198ba85e967f3bb6
platform/UI/panels/debug_info_panel.cpp,yes,5600,130,UI/application,Inventory and text index,Extract useful services; replace or consolidate presentation and state,BDB header; Modules (raw BDB lines); Selected object; Selected object's image; Selected palette,bg_editor_globals.h; Core/image_lookup.h; Core/editor_project_storage.h; imgui.h; stdio.h,debug_hex_words; draw_debug_info,0a229aacd16e89723c93aeff17f16c873090a445f2074ff497858a53498e1fe8
platform/UI/panels/document_tabs.cpp,yes,6676,203,UI/application,Detailed relevant sections inspected,Extract useful services; replace or consolidate presentation and state,,UI/panels/DocumentTabsPanel.h; bg_editor.h; bg_editor_globals.h; Core/editor_commands.h; UI/tools/palette_color_tools.h; imgui.h; cstdio; cstdlib; cstring,workspace_clear; doc_free; doc_save; doc_restore; doc_add; doc_close; doc_tabs,ecb4408b04237997def25c45996534b79f5a70b5542a76150828846cd4a12db7
platform/UI/panels/empty_canvas_hint.cpp,yes,1806,45,UI/application,Inventory and text index,Extract useful services; replace or consolidate presentation and state,,bg_editor_globals.h; imgui.h,draw_empty_canvas_hint,7f1cb3434a331a2eace3a99e1c2fcd7816e1ac67b66925184f2d86fda6e276c3
platform/UI/panels/gc_panel.cpp,yes,4086,106,UI/application,Inventory and text index,Extract useful services; replace or consolidate presentation and state,Select All; Select Imported; Deselect All; Delete Imported Unused; Delete Selected,UI/panels/UtilityPanels.h; bg_editor_globals.h; imgui.h; undo_manager.h; stdio.h; stdlib.h; string.h; algorithm; vector,,dc4733e817fe008ad6b27244343a942f65be55c8abd15be539fe4c9604bbf1f7
platform/UI/panels/group_bpp_reducer_panel.cpp,yes,526,14,UI/application,Inventory and text index,Extract useful services; replace or consolidate presentation and state,,bg_editor_globals.h; imgui.h,draw_group_bpp_reducer_panel,93eea60d480d96c505bfc9783b17b0ddb423ee420edb7e012eb7562d066be365
platform/UI/panels/image_list.cpp,yes,34212,759,UI/application,Inventory and text index,Extract useful services; replace or consolidate presentation and state,Delete Imported Unused; Delete All Unused; Optimize All; Clear IMG Black Mattes; Cap >6bpp to 6bpp; Trim tiles; Compact Image IDs; Select Matching Uses; Delete Matching Imported; Use,bg_editor.h; bg_editor_globals.h; imgui.h; undo_manager.h; algorithm; limits.h; stdio.h; stdlib.h; string.h; vector; strings.h,image_list_draw_details_tooltip; image_list_draw_action_menu; image_list_select_asset; draw_image_list_tools_contents; draw_image_list_assets_contents,964e2d69710e8af3c7c7008e258edf80e571ec81eb5d8ccfd8a01be451a0c4eb
platform/UI/panels/layers_panel.cpp,yes,5576,135,UI/application,Detailed relevant sections inspected,Extract useful services; replace or consolidate presentation and state,Show All; Hide All; Assign,bg_editor_globals.h; UI/actions/object_position_undo.h; imgui.h; stdio.h,draw_layers_contents,b12f3c5470c1a8dcb8898692f36994e28873495ed8662003be0e1aa5a70e888d
platform/UI/panels/menu_bar.cpp,yes,48419,908,UI/application,Detailed relevant sections inspected,Extract useful services; replace or consolidate presentation and state,,UI/panels/MenuBarPanel.h; bg_editor.h; bg_editor_globals.h; Core/editor_commands.h; Core/world_module_utils.h; UI/sdl/sdl_object_picker.h; UI/actions/object_position_undo.h; UI/tools/stage_share_bundle.h; UI/view/right_sidebar.h; imgui.h; undo_manager.h; sys/stat.h; stdio.h; string.h; limits.h; vector,menu_bar_animation_metadata_count; menu_bar_diag_tooltip; menu_bar_size_tooltip; draw_menu_bar_stage_info,f7b4e16568d6f8bfbdf1fb1a5cd2906723aefa0f98a5bbda9ff0cc9ec9f10742
platform/UI/panels/minimap.cpp,yes,2693,69,UI/application,Inventory and text index,Extract useful services; replace or consolidate presentation and state,,bg_editor.h; bg_editor_globals.h; UI/view/right_sidebar.h; imgui.h; limits.h,draw_minimap_contents,a31233c6e0b7deeeeb0e913f9ec48c113fa251dcbfcbcc67a4a12140ec1b6c63
platform/UI/panels/modules_panel.cpp,yes,62992,1388,UI/application,Inventory and text index,Extract useful services; replace or consolidate presentation and state,Promote Draft Parallax to Existing Stage; Promote to BGND.ASM; Reload from BGND.ASM; Apply Open Camera to BGND.ASM; Apply Fighter Ground Y to BGND.ASM; Apply Match Start to BGND.ASM; Apply Scroll Limits to BGND.ASM; Fit World Width + Scroll Limits to Content; Apply Background Color to BGND.ASM; Create Draft BGND.ASM,bg_editor.h; bg_editor_globals.h; Core/world_module_utils.h; UI/actions/module_runtime_promote.h; imgui.h; UI/actions/selection_helpers.h; undo_manager.h; limits.h; stdio.h; string.h; vector,module_line_capture_reset; module_line_capture_mask; module_line_capture_one; module_line_commit; module_rewrite_bounds; module_bounds_from_objects; module_bounds_for_stage; module_create_with_bounds; module_duplicate_iteration_name; module_duplicate_to_next_slot; draw_module_bounds_size_editor; runtime_name_ieq; load2_module_label_stem; load2_first_module_stem_collision; load2_min_source_x; shift_stage_x_for_load2; fit_stage_width_and_scroll_to_content; draw_modules_runtime_contents; modules_require_stage; draw_modules_summary_contents; draw_modules_create_contents; draw_modules_edit_contents,db0973cdb7b23fd7827527eac646414d8b24c4fbfeafa3f1b2512c096198499d
platform/UI/panels/object_list.cpp,yes,14129,306,UI/application,Inventory and text index,Extract useful services; replace or consolidate presentation and state,All,bg_editor_globals.h; imgui.h; undo_manager.h; stdio.h; stdlib.h; string.h; vector,sort_objects; draw_obj_list_contents,4c556143948293f145b016b71c0033ba4e96e27f0a99f828366c5e3917de60f4
platform/UI/panels/pal_anim_panel.cpp,yes,4949,148,UI/application,Inventory and text index,Extract useful services; replace or consolidate presentation and state,Enable; +; ##act; X,bg_editor_globals.h; imgui.h; string.h; vector,pal_animation_enabled; ensure_palette_restore_storage; has_palette_restore_storage; pal_animation_step; draw_pal_anim_panel,f205d76ca57823f2afed90b4f86ee80f87036090551772dc793ec5ab1ac93eb6
platform/UI/panels/palette_editor.cpp,yes,21197,560,UI/application,Inventory and text index,Extract useful services; replace or consolidate presentation and state,-##palcount; +##palcount; Undo; Redo; +; -; Rebuild All; Delete Unused; Export All Palettes...; Global / Object Color Shift,bg_editor.h; bg_editor_globals.h; Core/editor_project_storage.h; Core/image_lookup.h; UI/tools/palette_color_tools.h; undo_manager.h; stdio.h; string.h; imgui.h; Core/bdd_format.h; vector,palette_slot_undo_capture; palette_slot_undo_commit; palette_usage_stats; palette_editor_draw_checkerboard_background; palette_editor_draw_backdrop_image; draw_palette_preview; draw_palette_slot_table; draw_selected_palette_swatches; draw_palette_colors_contents; draw_palette_slots_contents; draw_palette_tools_contents; palette_tools_frame_tick,441112adbfb1961b08e5de25287bf4cf53aaaffb3f7552c7bfdf35c9f76fcfc6
platform/UI/panels/properties_panel.cpp,yes,17441,410,UI/application,Detailed relevant sections inspected,Extract useful services; replace or consolidate presentation and state,Place Sprite; Select All Uses; Lower bit depth...; Delete all selected; Include in Nearest Module; HFlip; VFlip; Edit Block; Resize; Duplicate,bg_editor.h; bg_editor_globals.h; UI/actions/object_position_undo.h; imgui.h; stdio.h; vector,obj_prop_capture_one; obj_prop_commit; obj_prop_runtime_locked_object; draw_object_image_summary; draw_selected_image_asset_summary; draw_obj_properties_contents,8e4232a4d99354f6104d3a8f87ef655be9cc57b61797d3d9f8e67a81aee97221
platform/UI/panels/right_rail_panels.cpp,yes,396,24,UI/application,Inventory and text index,Extract useful services; replace or consolidate presentation and state,,UI/panels/RightRailPanels.h; UI/view/right_sidebar.h; bg_editor_globals.h,,62cc7291850cdff10efc5708b48eccb255fd046d6151e658a5a9e6e8d670a154
platform/UI/panels/split_object_dialog.cpp,yes,25628,587,UI/application,Inventory and text index,Extract useful services; replace or consolidate presentation and state,Split every placement of this image; Manual tile size; Delete original source image if unused; Compact palettes after split; Remove unused palettes; OK - Replace Object; Cancel,bg_editor_globals.h; undo_manager.h; imgui.h; stddef.h; stdio.h; stdlib.h; string.h; algorithm; vector,split_plan_net_bytes; split_plan_frees_source; analyze_object_split; find_best_object_split; refresh_best_object_split; open_split_object_dialog; draw_split_preview_overlay; split_object_apply_plan; apply_object_split_plan; split_object_at_tile_size; draw_split_object_dialog,7ca2cecfa020bd64a978e4540f2ccbb2cb2b2d16aca125481a79b0773ec79c9d
platform/UI/panels/sprite_resize_dialog.cpp,yes,25089,664,UI/application,Inventory and text index,Extract useful services; replace or consolidate presentation and state,Duplicate for selected placement(s); Keep aspect; 25%; 50%; 100%; 200%; Fit 400w; 25%; 50%; 100%,bg_editor_globals.h; UI/assets/image_draw_helpers.h; imgui.h; undo_manager.h; math.h; stddef.h; stdio.h; stdlib.h,scale_dim; open_sprite_resize; open_group_sprite_resize; resize_anchor_delta; selected_uses_image; resize_image_core; apply_sprite_resize; group_placement_selected; round_to_int; apply_group_resize; draw_image_preview_cell; draw_anchor_and_duplicate_controls; draw_single_resize_body; draw_group_resize_body; draw_sprite_resize_dialog,c6d6a6fbca4a654f11ac77fa9f17b36bb72c54bfb2b7e2e3ab9636b1e4ae0e66
platform/UI/panels/stats_panels.cpp,yes,6451,165,UI/application,Inventory and text index,Extract useful services; replace or consolidate presentation and state,,UI/panels/StatsPanels.h; bg_editor_globals.h; imgui.h; stddef.h; stdint.h; stdio.h,,5a352a29bc6ae9be91074a3efd2361b8eebc94e12fa360cd87351daf301e42d2
platform/UI/panels/tile_preview.cpp,yes,1307,34,UI/application,Inventory and text index,Extract useful services; replace or consolidate presentation and state,,bg_editor_globals.h; imgui.h; stdint.h,draw_tile_preview,fc5b9b5e4fce75ac31186b1a8b48ee0e56d88bde1b8ff2ce957a28c2f8443b3d
platform/UI/panels/toolbar.cpp,yes,22471,467,UI/application,Detailed relevant sections inspected,Extract useful services; replace or consolidate presentation and state,,UI/panels/ToolboxPanel.h; UI/panels/ToolbarPanel.h; bg_editor_globals.h; Core/editor_commands.h; Core/world_module_utils.h; UI/actions/object_position_undo.h; undo_manager.h; imgui.h; climits; cstdio; cstring; vector,tb_button; tb_sep,3ee0d61b353d5d413a6348c066d79c82ba2790079c8daca88a358a3a46671c8b
platform/UI/panels/undo_history_panel.cpp,yes,1348,43,UI/application,Inventory and text index,Extract useful services; replace or consolidate presentation and state,,bg_editor_globals.h; imgui.h; undo_manager.h; stdio.h,draw_undo_history,f0111453665c8cd5d6da15d4f6b54a55d8100da1a7f95004a8eb81cc356f3ddc
platform/UI/panels/workspace_panels.cpp,yes,467,32,UI/application,Detailed relevant sections inspected,Extract useful services; replace or consolidate presentation and state,,UI/panels/UtilityPanels.h; bg_editor_globals.h,,c04f9cfcfe73309e7412c00fc01bd10473d09160cf8a5b435f10e474680b0cb5
platform/UI/sdl/sdl_bitmap_font.cpp,yes,6506,122,UI/application,Inventory and text index,Extract useful services; replace or consolidate presentation and state,,UI/sdl/sdl_bitmap_font.h,font_draw_char; bdd_sdl_font_draw_str,4eada3ee351481c7ffa7e740aa95b1b9e483cae617ca9e7b2f6c731985fc25b5
platform/UI/sdl/sdl_bitmap_font.h,yes,235,16,UI/application,Inventory and text index,Extract useful services; replace or consolidate presentation and state,,SDL.h,bdd_sdl_font_draw_str,f2433b100f22c5cefdf7e9a67f1a507ab4722b056d0a120580b4a9feed1daed6
platform/UI/sdl/sdl_context.h,yes,242,19,UI/application,Inventory and text index,Extract useful services; replace or consolidate presentation and state,,SDL.h,,c2bf4943acfc71c4d9137aa9a9c7cd15f3e51a71b15356be9f8189feb017e711
platform/UI/sdl/sdl_drop_file.cpp,yes,1789,58,UI/application,Inventory and text index,Extract useful services; replace or consolidate presentation and state,,UI/sdl/sdl_drop_file.h; bg_editor.h; UI/sdl/sdl_stage_open.h; cstring; strings.h,bdd_sdl_handle_drop_file,db4d8690e0003f25ef194ab265df8c758e6a172012f35170294f98936c6d499b
platform/UI/sdl/sdl_drop_file.h,yes,719,26,UI/application,Inventory and text index,Extract useful services; replace or consolidate presentation and state,,SDL_stdinc.h; stddef.h,bdd_sdl_handle_drop_file,76c7d98da5d1612065ed05463878f9703ce6d0e5c68f0fb6143a5309fe4cfe40
platform/UI/sdl/sdl_image_grid_view.cpp,yes,946,35,UI/application,Inventory and text index,Extract useful services; replace or consolidate presentation and state,,UI/sdl/sdl_image_grid_view.h; UI/assets/texture_cache.h; bg_editor_globals.h,bdd_image_grid_view_draw,9016f95d66a6c824543406579cc266efb2ed4747def71a65e48e97c6f0fd3d43
platform/UI/sdl/sdl_image_grid_view.h,yes,286,17,UI/application,Inventory and text index,Extract useful services; replace or consolidate presentation and state,,SDL.h,bdd_image_grid_view_draw,7d6a9ac56835d98b0bf2a311397bea8e672344e816c041bbbf20a0c5e3ab4b22
platform/UI/sdl/sdl_keyboard_actions.cpp,yes,8903,292,UI/application,Detailed relevant sections inspected,Extract useful services; replace or consolidate presentation and state,,UI/sdl/sdl_keyboard_actions.h; bg_editor.h; bg_editor_globals.h; UI/sdl/sdl_object_picker.h; UI/actions/object_position_undo.h; UI/sdl/sdl_path_input.h; UI/sdl/sdl_save_popup.h; UI/sdl/sdl_tga_file_dialog.h; UI/sdl/sdl_tooltip.h; UI/assets/texture_cache.h; UI/tools/palette_color_tools.h; cstdio,save_current_stage_from_keyboard; import_tga_and_refresh; any_selected_object; is_nudge_key; finish_keyboard_nudge; begin_keyboard_nudge; nudge_selected_objects; bdd_sdl_keyboard_init; bdd_sdl_keyboard_key_down; bdd_sdl_keyboard_key_up; bdd_sdl_keyboard_text_input; bdd_sdl_keyboard_tick,f3c0b8a08b418f01795e0b69d50f0f1875d4f6687be86e8599c7ba1047310289
platform/UI/sdl/sdl_keyboard_actions.h,yes,1021,33,UI/application,Inventory and text index,Extract useful services; replace or consolidate presentation and state,,SDL.h,bdd_sdl_keyboard_init; bdd_sdl_keyboard_key_down; bdd_sdl_keyboard_key_up; bdd_sdl_keyboard_text_input; bdd_sdl_keyboard_tick,f63b554343d077fc57d80554cbee24432321519fad2d861c40206d4b5ca99880
platform/UI/sdl/sdl_mouse_interaction.cpp,yes,36497,959,UI/application,Inventory and text index,Extract useful services; replace or consolidate presentation and state,,UI/sdl/sdl_mouse_interaction.h; bg_editor.h; bg_editor_globals.h; Core/editor_project_storage.h; Core/image_lookup.h; Core/world_module_utils.h; UI/sdl/sdl_object_drag_autopan.h; UI/sdl/sdl_object_picker.h; UI/sdl/sdl_selection_rect.h; UI/sdl/sdl_tooltip.h; UI/view/toast_notifications.h; undo_manager.h; algorithm; cstdio; cstdlib; cstring; vector,first_selected_object; toggle_object_selection_local; ensure_drag_capacity; ensure_module_drag_capacity; hit_object_at; hit_selected_object_at; hit_module_at; hit_module_drag_edge_at; report_module_ownership_changes; begin_module_drag; module_canvas_drag_allowed; module_drag_apply; begin_pan_drag; begin_selection_rect; start_drag_for_selected; bdd_sdl_mouse_state_init; bdd_sdl_mouse_state_shutdown; bdd_sdl_mouse_button_down; bdd_sdl_mouse_button_up; bdd_sdl_mouse_motion; bdd_sdl_mouse_tick,9b7fd5023601476fe2dd81b298258c18916da9ce3cccb14f751ae44a87545623
platform/UI/sdl/sdl_mouse_interaction.h,yes,2593,79,UI/application,Inventory and text index,Extract useful services; replace or consolidate presentation and state,,SDL.h,bdd_sdl_mouse_state_init; bdd_sdl_mouse_state_shutdown; bdd_sdl_mouse_button_down; bdd_sdl_mouse_button_up; bdd_sdl_mouse_motion; bdd_sdl_mouse_tick,38840db5c6fe5dcfdfc9672708596b19f85d935287ea82a9c1ca0a9c368d7566
platform/UI/sdl/sdl_mouse_wheel.cpp,yes,2874,76,UI/application,Inventory and text index,Extract useful services; replace or consolidate presentation and state,,UI/sdl/sdl_mouse_wheel.h; bg_editor.h; bg_editor_globals.h; Core/editor_project_storage.h; UI/sdl/sdl_object_picker.h; UI/sdl/sdl_tooltip.h; UI/assets/texture_cache.h,bdd_sdl_mouse_wheel_handle,9f76b78fcd9d7ed5fa6da4f50c0abd956c71407e2638bf971eca13ec833f0d87
platform/UI/sdl/sdl_mouse_wheel.h,yes,573,23,UI/application,Inventory and text index,Extract useful services; replace or consolidate presentation and state,,SDL.h,bdd_sdl_mouse_wheel_handle,5d4d05ecc8a4a8f2c8549c90a7c3203ed8dc15fc41afbc4b606c8b705e985335
platform/UI/sdl/sdl_object_drag_autopan.cpp,yes,6111,159,UI/application,Inventory and text index,Extract useful services; replace or consolidate presentation and state,,UI/sdl/sdl_object_drag_autopan.h; bg_editor.h; bg_editor_globals.h; UI/sdl/sdl_tooltip.h; cstdlib,bdd_sdl_object_drag_update; bdd_sdl_object_drag_auto_pan,d2c4bb01d48e4df410c9620e356c2578298aca5a4be5d872ce0cf78697ba7cda
platform/UI/sdl/sdl_object_drag_autopan.h,yes,1027,31,UI/application,Inventory and text index,Extract useful services; replace or consolidate presentation and state,,SDL.h,bdd_sdl_object_drag_auto_pan; bdd_sdl_object_drag_update,ca1f84a223790def08afff2327b9b8df91096a71c97bda1be8b2e2f2f2a15459
platform/UI/sdl/sdl_object_picker.cpp,yes,6235,197,UI/application,Detailed relevant sections inspected,Extract useful services; replace or consolidate presentation and state,,UI/sdl/sdl_object_picker.h; Core/editor_project_storage.h; UI/sdl/sdl_bitmap_font.h; UI/assets/texture_cache.h; bg_editor_globals.h; cstdlib; cstdio; cstring,bdd_object_picker_width; bdd_object_picker_item_height; bdd_object_picker_is_open; bdd_object_picker_toggle; bdd_object_picker_close; bdd_object_picker_cancel_place; bdd_object_picker_free_labels; picker_ensure_label_storage; picker_build_labels; bdd_object_picker_select_at_y; bdd_object_picker_scroll; bdd_object_picker_draw; bdd_object_picker_draw_placement_ghost,ae809c6aaf435eaaa58e451a39b9e79605171a0f8696a7354cbeff7f8c74336a
platform/UI/sdl/sdl_object_picker.h,yes,713,28,UI/application,Inventory and text index,Extract useful services; replace or consolidate presentation and state,,SDL.h,bdd_object_picker_width; bdd_object_picker_item_height; bdd_object_picker_is_open; bdd_object_picker_toggle; bdd_object_picker_close; bdd_object_picker_cancel_place; bdd_object_picker_free_labels; bdd_object_picker_select_at_y; bdd_object_picker_scroll; bdd_object_picker_draw; bdd_object_picker_draw_placement_ghost,7c0c7d4392e37e4be8e2e5fd6f0bd5c9126c50f730005b854adc75a90c1e9927
platform/UI/sdl/sdl_path_input.cpp,yes,2607,90,UI/application,Inventory and text index,Extract useful services; replace or consolidate presentation and state,,UI/sdl/sdl_path_input.h; UI/sdl/sdl_bitmap_font.h; cstdio; cstring,bdd_path_input_is_open; bdd_path_input_open; bdd_path_input_close; bdd_path_input_backspace; bdd_path_input_append_text; bdd_path_input_draw,fac1f04cb463aee8a498e4c61f1d81c618a45b0b51ec93570c3ddaa18db4d1bf
platform/UI/sdl/sdl_path_input.h,yes,434,22,UI/application,Inventory and text index,Extract useful services; replace or consolidate presentation and state,,SDL.h,bdd_path_input_is_open; bdd_path_input_open; bdd_path_input_close; bdd_path_input_backspace; bdd_path_input_append_text; bdd_path_input_draw,350bd1a14febdfcb697ea46e67d53fd9a8659b2e7226a84602d6331cf68f9c79
platform/UI/sdl/sdl_save_popup.cpp,yes,2546,87,UI/application,Inventory and text index,Extract useful services; replace or consolidate presentation and state,,UI/sdl/sdl_save_popup.h; UI/sdl/sdl_bitmap_font.h; cstring,popup_free; bdd_save_popup_cancel; popup_build; bdd_save_popup_draw,421932eaf5bb082f096db05cc2fe78bf487d896d0a2ce8e0b896fbffd3d1241d
platform/UI/sdl/sdl_save_popup.h,yes,288,19,UI/application,Inventory and text index,Extract useful services; replace or consolidate presentation and state,,SDL.h,bdd_save_popup_cancel; bdd_save_popup_draw,1391f06788bbaa0efd506baadce4ddd2cf965ac3abc430310c26e50d6d576e44
platform/UI/sdl/sdl_selection_rect.cpp,yes,1555,49,UI/application,Inventory and text index,Extract useful services; replace or consolidate presentation and state,,UI/sdl/sdl_selection_rect.h; bg_editor.h; bg_editor_globals.h; Core/editor_project_storage.h; cstdlib,bdd_selection_rect_draw; bdd_selection_rect_apply,3ba1dff4792c4712a428ec379c0c8ca125c88fa3d74a3e70be2a5512395f8df4
platform/UI/sdl/sdl_selection_rect.h,yes,465,20,UI/application,Inventory and text index,Extract useful services; replace or consolidate presentation and state,,SDL.h,bdd_selection_rect_draw; bdd_selection_rect_apply,421b9d33a8afb91fac3219f7c34e7922b69f761916a85e22abae55cc2859810f
platform/UI/sdl/sdl_stage_open.cpp,yes,1780,59,UI/application,Inventory and text index,Extract useful services; replace or consolidate presentation and state,,UI/sdl/sdl_stage_open.h; bg_editor.h; bg_editor_globals.h; Core/viewer_stage_io.h; UI/sdl/sdl_object_picker.h; UI/assets/texture_cache.h; climits; cstdio,bdd_sdl_open_stage_file,55a707c8951a11f90a7b93ba12ca54bb7db722e841273467e785aa0040d962f9
platform/UI/sdl/sdl_stage_open.h,yes,609,24,UI/application,Inventory and text index,Extract useful services; replace or consolidate presentation and state,,SDL_stdinc.h; stddef.h,bdd_sdl_open_stage_file,9381796d87a793e515faaee1597ab9a24576da5792fa017e928af850b735d29b
platform/UI/sdl/sdl_tga_file_dialog.cpp,yes,1345,49,UI/application,Inventory and text index,Extract useful services; replace or consolidate presentation and state,,UI/sdl/sdl_tga_file_dialog.h; cstdio; cstring,bdd_sdl_open_tga_file_dialog,3d08f49b23cdd3674f54db16080e30ca47cbc021dc20c66e778b55a438a056d6
platform/UI/sdl/sdl_tga_file_dialog.h,yes,194,14,UI/application,Inventory and text index,Extract useful services; replace or consolidate presentation and state,,,bdd_sdl_open_tga_file_dialog,6840302f212cf6cf436a9bd8187e4ff3b548376719766f9be5b7156d4a7a01d1
platform/UI/sdl/sdl_tooltip.cpp,yes,5707,168,UI/application,Inventory and text index,Extract useful services; replace or consolidate presentation and state,,UI/sdl/sdl_tooltip.h; Core/image_lookup.h; UI/sdl/sdl_bitmap_font.h; bg_editor.h; bg_editor_globals.h; cstdio; cstring,bdd_tooltip_free; bdd_tooltip_build_hover; bdd_tooltip_build_object; bdd_tooltip_draw,702aee0b9574c79f10d11c853d70c0be6f43f47bc4e1ba9db2cf3978ee9ec7c5
platform/UI/sdl/sdl_tooltip.h,yes,539,23,UI/application,Inventory and text index,Extract useful services; replace or consolidate presentation and state,,SDL.h,bdd_tooltip_free; bdd_tooltip_build_hover; bdd_tooltip_build_object; bdd_tooltip_draw,1e48a6bc03c97dc9ed2da0987a70d55cc0fd9f1e37793ceb5c5b0863b37123e0
platform/UI/sdl/sdl_world_objects.cpp,yes,18360,424,UI/application,Detailed relevant sections inspected,Extract useful services; replace or consolidate presentation and state,,UI/sdl/sdl_world_objects.h; Core/image_lookup.h; Core/world_module_utils.h; UI/sdl/sdl_selection_rect.h; UI/assets/texture_cache.h; bg_editor.h; bg_editor_globals.h; algorithm; climits; cstdio; cstring; vector,bdd_build_object_draw_order; sdl_name_ieq; sdl_strip_bmod_suffix; game_view_focus_active; game_view_focus_matches_module_name; game_view_focus_matches_object; render_copy_ex_alpha; bdd_block_background_draw; bdd_world_objects_draw,3f2dcdb8b6a2f6e95176acafb34a47f644526345ac985d8608513dda47689660
platform/UI/sdl/sdl_world_objects.h,yes,408,19,UI/application,Inventory and text index,Extract useful services; replace or consolidate presentation and state,,SDL.h,bdd_world_objects_draw,d1f74d4e01ae729af52d5dc0f6c4953355825b92ff5d591eba459a135b659c73
platform/UI/tools/mk2_asset_tools.cpp,yes,9991,219,UI tools,Inventory and text index,Extract useful services; replace or consolidate presentation and state,"All##asset_filter; Used##asset_filter; Unused##asset_filter; Select; Enable; Auto-fit first module; Use Selected Object Placement; Enable Unused Asset; Disable Selected Objects, Keep Images",bg_editor_globals.h; imgui.h; stdio.h; string.h,asset_matches_search; draw_mk2_asset_explorer; draw_mk2_unused_asset_tools,96f412bd03fbccbbb9f030637e311db77db1171a2164281ac6719953c9f64dd3
platform/UI/tools/mk2_authoring_tools.cpp,yes,12278,276,UI tools,Inventory and text index,Extract useful services; replace or consolidate presentation and state,Select Outside-Module Objects; Include Outside Objects In Nearest Module; Delete Outside Objects; Create Default Module; Fit Module Bounds to Objects; Sort Objects X-Major for LOAD2; Sync Header Counts; Stage Readiness Gate; Stage Package Handoff; One-Click Validation Run,bg_editor_globals.h; undo_manager.h; imgui.h; cstdio,draw_mk2_authoring_tools,9cdf4e6aa21d0a1375e6abfc29f5f293060b3b482556642ba53f936c86b9788c
platform/UI/tools/mk2_auto_repair_suggestions.cpp,yes,7107,186,UI tools,Inventory and text index,Extract useful services; replace or consolidate presentation and state,Behind Sel; Center,bg_editor_globals.h; imgui.h; stdlib.h; string.h,mk2_layer_behind; repair_reason; repair_score; draw_mk2_auto_repair_suggestions,b638c493e38c5ff9cdcd4d0a57aaae1f77110f296948e12b76cca75ffaca69d7
platform/UI/tools/mk2_budget_relief_suggestions.cpp,yes,15470,405,UI tools,Inventory and text index,Extract useful services; replace or consolidate presentation and state,Include placed sprites; Include dormant art; Focus; Clear; Trim; Compress; Rep,bg_editor_globals.h; undo_manager.h; imgui.h; algorithm; stdio.h; stdlib.h; string.h; vector,mk2_relief_candidate_reason; mk2_add_relief_candidate; mk2_collect_budget_relief_candidates; mk2_focus_budget_relief_image; mk2_clear_image_uses; mk2_delete_image_slot; mk2_remove_image_and_uses; mk2_append_budget_relief_report; draw_mk2_budget_relief_suggestions,89a3d20767c62722486efdcac05ae8d1871b4203ce085fff68f52e9e7e2c27ca
platform/UI/tools/mk2_budget_relief_suggestions.h,yes,192,8,UI tools,Inventory and text index,Extract useful services; replace or consolidate presentation and state,,stddef.h,mk2_append_budget_relief_report,2b6ef031739668eeca96812129d88bb9f1e5b30cdd893f9084b0ebf3f2f1ff73
platform/UI/tools/mk2_camera_bookmarks.cpp,yes,5193,104,UI tools,Inventory and text index,Extract useful services; replace or consolidate presentation and state,Prev; Start; Ctr; Del; Use Preview X; Use Worst X; Add Bookmark; Set Pan Scan Range From Bookmarks; Copy Bookmark Report,bg_editor_globals.h; imgui.h; stdio.h,draw_mk2_camera_bookmarks,1da4ecc02b2a09230f6efe8f7f5ecdfb821353dc7a13b9af93ca258738fad3e7
platform/UI/tools/mk2_danger_palette_designer.cpp,yes,2354,55,UI tools,Inventory and text index,Extract useful services; replace or consolidate presentation and state,Add Red Variant Palette,bg_editor_globals.h; undo_manager.h; imgui.h; stdio.h,draw_mk2_danger_palette_designer,980219221012622423ff26c06595437dd55a747645f04e683fef49002f84cc55
platform/UI/tools/mk2_duplicate_mirror_finder.cpp,yes,5575,123,UI tools,Inventory and text index,Extract useful services; replace or consolidate presentation and state,Include mirrored matches; Sel A; Sel B; Rewrite,bg_editor_globals.h; imgui.h; stdio.h; vector,add_duplicate_candidate; draw_mk2_duplicate_mirror_finder,417e077ccd4c6e8b45dcf26803757a81053fa0a96f7dcf05aee37d393ddde88f
platform/UI/tools/mk2_image_cleanup_tools.cpp,yes,10064,211,UI tools,Inventory and text index,Extract useful services; replace or consolidate presentation and state,Trim Active Image; Create new palette; Compress Active Image Palette; New palette per compressed image; Batch Trim Eligible Images; Batch Compress Eligible Palettes,bg_editor_globals.h; undo_manager.h; imgui.h; stdio.h; string.h,draw_mk2_trim_transparent_border_tool; draw_mk2_palette_remap_compress_tool; draw_mk2_batch_image_cleanup_tool,825d47383f26fca31bc1c7f30e21110987ce5971eb1a61bb75a3aac522b4cb86
platform/UI/tools/mk2_import_workspace_tools.cpp,yes,3301,63,UI tools,Inventory and text index,Extract useful services; replace or consolidate presentation and state,...##import_dest; Open after import; Import BDB/BDD Workspace; Replace current project; Skip transparent tiles; Import Clustered Tiles,bg_editor_globals.h; imgui.h; stdio.h,draw_mk2_import_workspace; draw_mk2_clustered_png_importer,880990f85d933ce0ec5550aa638bff13605265ff47a5d91c94695872d6b248e7
platform/UI/tools/mk2_integration_summary.cpp,yes,1382,42,UI tools,Inventory and text index,Extract useful services; replace or consolidate presentation and state,Copy##bbb; Copy##bmod,bg_editor_globals.h; imgui.h; cstdio; cstring,primary_module_name; draw_mk2_integration_summary,395d7a84c8c6d460a93b2897ad5845ac722c7c4509a2b0907c0eadf73c436f6e
platform/UI/tools/mk2_layer_presets.cpp,yes,3935,116,UI tools,Detailed relevant sections inspected,Extract useful services; replace or consolidate presentation and state,,bg_editor_globals.h; imgui.h,mk2_layer_preset_count; mk2_layer_preset_wx; draw_layer_role_hint,64df7b6966727bcc06ffc8aef66facdb4efe922e17d0bc64b0a2c98a17ff8a89
platform/UI/tools/mk2_layer_stack_inspector.cpp,yes,4819,111,UI tools,Inventory and text index,Extract useful services; replace or consolidate presentation and state,Track world mouse; Hidden; Sel; Ctr,bg_editor.h; bg_editor_globals.h; imgui.h; string.h,draw_mk2_layer_stack_inspector,fd358f252a547baae56a1b95672ddb97ddbe2f05396bf00904365ebedc4ea829
platform/UI/tools/mk2_level_start_helper_tool.cpp,yes,20193,485,UI tools,Inventory and text index,Extract useful services; replace or consolidate presentation and state,##slot; Use Starter Defaults; Create Editable Slot Map; ...##starter_stage_dir; File Paths##starter_paths; Generate Starter Stage; Open Generated; Advanced Layout##starter; Floor Bands##starter; Auto-fit Sources##starter,bg_editor_globals.h; undo_manager.h; imgui.h; cstdio; cstdlib; cstring,mk2_level_start_on_default_outer_haven_config; mk2_level_start_set_default_stage_folder; mk2_level_start_prepare_sources; mk2_level_start_apply_defaults; mk2_level_start_file_ready; mk2_level_start_file_badge; mk2_slot_pick_button; mk2_slot_fill_image; mk2_slot_add_object; create_mk2_slot_map_level; mk2_simple_import_png_slot; mk2_simple_add_object; create_mk2_simple_four_image_level; draw_mk2_level_start_helper_tool,9d8c3eccb7a3552eb66b221801a261fcebcda8ea461eeed22dc66d04f4014e06
platform/UI/tools/mk2_load2_doctor_tool.cpp,yes,20374,335,UI tools,Inventory and text index,Extract useful services; replace or consolidate presentation and state,Jump To Object Pressure X; Jump To Strip Chop Cost X; Select Outside-Module Objects; Include Outside Objects In Nearest Module; Delete Outside Objects; Create Default Module; Fit Module Bounds to Objects; Sort Objects X-Major for LOAD2; Sync Header Counts,bg_editor_globals.h; undo_manager.h; imgui.h; stdio.h,mk2_doctor_fix; draw_mk2_load2_doctor_tool,313fa32139192b71c47fa64038131f08675451ff02631894f3ea7f56f03d3c71
platform/UI/tools/mk2_lod_stale_warning.cpp,yes,11986,305,UI tools,Inventory and text index,Extract useful services; replace or consolidate presentation and state,Warn after Save; OK,bg_editor_globals.h; Core/app_diagnostics.h; imgui.h; cstdio; cstring; windows.h; dirent.h; strings.h,lod_stale_stage_key; lod_stale_file_key; lod_stale_lod_references_stage; lod_stale_lod_is_active; lod_stale_append_lod; lod_stale_collect_active_lods; lod_stale_find_active; mk2_stage_is_in_active_lod; mk2_lod_stale_check_after_save; draw_mk2_lod_stale_warning,7f75d01b126914d4af5c8d67089bb1b18904d52a2494678ae9ee494091b1ccd4
platform/UI/tools/mk2_mirrored_asset_tool.cpp,yes,3065,64,UI tools,Inventory and text index,Extract useful services; replace or consolidate presentation and state,Duplicate Mirrored To Right; Duplicate Mirrored To Left; Place Symmetric Pair,bg_editor_globals.h; undo_manager.h; imgui.h; stdio.h,draw_mk2_mirrored_asset_tool,f7adfc17a037e47869f78fdecabf165d4bdc232062109c11e45c21a4707dd67a
platform/UI/tools/mk2_one_click_validation_run.cpp,yes,1615,39,UI tools,Detailed relevant sections inspected,Extract useful services; replace or consolidate presentation and state,Safe fixes; Composite; Manifest; Recipe; Run Local Validation + Exports,bg_editor_globals.h; imgui.h; cstdio,draw_mk2_one_click_validation_run,c67905322ceddfc484f1cb2e64f9d4f02976b25426847a8d3b22273fa10fc162
platform/UI/tools/mk2_palette_animation_tools.cpp,yes,5173,113,UI tools,Inventory and text index,Extract useful services; replace or consolidate presentation and state,Preset: Space Saver 15-color Portal Core; Preset: Stock-like 63-color Tiles; Preset: Portal Core No Seam; Static Portal Fallback; Calm 3-frame Portal Pulse; Inner Portal Spin Probe; Visible 3-frame Vortex Motion,bg_editor_globals.h; imgui.h; stddef.h,draw_mk2_palette_builder_tool; draw_mk2_animation_planner_tool,c5688c81029cb1e4e9b038d29693332ac317aaf94d5a3e37000a87a6730c7608
platform/UI/tools/mk2_palette_sync_prompt.cpp,yes,142895,3507,UI tools,Detailed relevant sections inspected,Extract useful services; replace or consolidate presentation and state,Infer##runtime_pals; Prompt after IMG imports; Prompt after Save; Auto-promote on Save when inferred; Compact duplicates; Override budget; Sync Now; Later; Skip This Change,bg_editor_globals.h; imgui.h; algorithm; cstdio; cstdlib; cstring; ctime; string; utility; vector; strings.h,mk2_sync_uppercase_ascii_inplace; mk2_sync_stage_basename_no_ext; mk2_string_eq_ci; mk2_label_name_from_line; mk2_find_label_line; mk2_section_end; mk2_read_text_lines; mk2_write_text_lines; mk2_copy_file_unique; mk2_replace_or_insert_palette_block; mk2_palette_sync_remove_stale_outputs; mk2_bgndpal_compact; mk2_palette_sync_find_bgnpal_path; mk2_palette_sync_bgndtbl_for_bgnpal; mk2_palette_sync_stage_key; mk2_sync_project_basename_key; mk2_push_unique_ci; mk2_palette_sync_infer_table_from_bgndtbl; mk2_palette_sync_infer_table; mk2_palette_sync_remove_stale_outputs; mk2_collect_foreign_labels; mk2_palette_sync_current_matches; mk2_palette_sync_build_candidate; mk2_palette_sync_projected_bytes; mk2_palette_sync_apply; mk2_palette_sync_auto_apply_if_ready; mk2_palette_sync_request_prompt; draw_mk2_palette_sync_prompt; stage_draft_bgnd_compute_path; stage_draft_bgnd_path; stage_real_bgnd_path; stage_start_find_bgnd_path; stage_draft_guess_ground_y; stage_create_draft_bgnd; stage_start_asm_label_line; stage_start_line_has_symbol; stage_start_infer_bgnd_block; stage_start_replace_word_line; stage_start_apply_bgnd_patch; stage_start_apply_bgnd_ground; stage_start_apply_bgnd_start_placement; stage_start_apply_bgnd_limits; bgnd_token_ieq; bgnd_locate_module; bgnd_find_exact_label_line; bgnd_label_ends_with_ci; bgnd_block_scroll_label; bgnd_find_first_mod_block_with_scroll; bgnd_find_existing_stage_block; bgnd_read_scroll_rows; bgnd_replace_scroll_rows; bgnd_load_block; bgnd_commit; bgnd_token_is_numeric_end; bgnd_collect_bmod_entries; bgnd_baklst_reserved_by_runtime_animation; bgnd_parse_baklst_token; bgnd_collect_dlist_baklst_lines; bgnd_stage_dlists_label; stage_bgnd_swap_module_baklst; stage_bgnd_move_module_draw_order; stage_bgnd_reset_foreground_to_module; stage_bgnd_set_module_over_fighters; stage_bgnd_create_module_placement; stage_bgnd_set_module_offset; stage_bgnd_sync_runtime_offsets_from_bdb; stage_bgnd_set_module_parallax; stage_bgnd_reset_all_module_parallax; stage_bgnd_install_tower_high_clouds; stage_bgnd_set_bg_color; stage_promote_draft_parallax_to_bgnd; stage_promote_draft_to_bgnd,8ecc708ff56008f7c7b62d79f6d82716e58ea267faac79191db940582a064e27
platform/UI/tools/mk2_palette_sync_prompt.h,yes,267,8,UI tools,Inventory and text index,Extract useful services; replace or consolidate presentation and state,,,mk2_palette_sync_request_prompt; mk2_palette_sync_auto_apply_if_ready; draw_mk2_palette_sync_prompt,2517c58510c71d11af7c8be39ec9f7497e1259780f35bc2de515cd1a5d8c9394
platform/UI/tools/mk2_palette_usage_optimizer.cpp,yes,5211,130,UI tools,Inventory and text index,Extract useful services; replace or consolidate presentation and state,Include unused images assigned to palette; Select Objects Using Palette; Copy Palette Usage Report,bg_editor_globals.h; imgui.h; stdio.h; string.h,palette_usage_report; draw_mk2_palette_usage_optimizer,cc6c3f991c32e0112c3500b3f0d11c51165ee495751fbf6bbbc59c6709f7d196
platform/UI/tools/mk2_pan_coverage_scanner.cpp,yes,6828,140,UI tools,Inventory and text index,Extract useful services; replace or consolidate presentation and state,Select; Use Worst X As Preview; Use Worst Object X As Preview; Select Objects Visible At Worst Object X; Center View On Worst X,bg_editor_globals.h; imgui.h; stdio.h,draw_scan_metric; draw_mk2_pan_coverage_scanner,5545374b6d98887ca83d052d8639037a44325c43204fce92836a3d28fcf9470f
platform/UI/tools/mk2_preview_diff_tool.cpp,yes,6720,181,UI tools,Inventory and text index,Extract useful services; replace or consolidate presentation and state,A = Source Preview; A = Composite; B = ROM Preview; B = Live MAME; Run PNG Diff,bg_editor_globals.h; imgui.h; libs/stb_image.h; libs/stb_image_write.h; cstdio; cstdlib; cstring; windows.h; sys/stat.h,set_diff_source_preview; set_diff_rom_preview; set_diff_current_composite; ensure_tmp_dir; run_png_diff; draw_mk2_preview_diff_tool; mk2_preview_diff_use_source_and_rom; mk2_preview_diff_use_composite_and_rom; mk2_preview_diff_use_rom_and_mame,ba321f46b5e8eb9d0b2ee874e4a4ebd443c666632d4343571ece1f437516ff7a
platform/UI/tools/mk2_project_seed_tools.cpp,yes,481,15,UI tools,Inventory and text index,Extract useful services; replace or consolidate presentation and state,New MK2 Project; Full-Screen Proof Level; Checker Test Level,bg_editor_globals.h; imgui.h,draw_mk2_project_seed_tools,5d0cd2eb03c5461419a9bb8ab6feb29db69a1d0b454ad5fffc2751fa5a9ecb92
platform/UI/tools/mk2_quick_tile_tools.cpp,yes,3103,87,UI tools,Inventory and text index,Extract useful services; replace or consolidate presentation and state,Import PNG...; Fit World; Tile Now; Preview##tileprev; Apply Layer to Selected; Advanced Tile Fill...,bg_editor_globals.h; imgui.h; stdio.h,draw_mk2_quick_tile_tools,79b9282582c6d284a60c8964bf3112961329493f1d25a5088f6941f67298c053
platform/UI/tools/mk2_rom_space_reclaim.cpp,yes,9778,241,UI tools,Inventory and text index,Extract useful services; replace or consolidate presentation and state,Merge identical images; incl. mirrored; Remove unused art; Merge near-duplicate colors; Reclaim ROM Space,bg_editor_globals.h; undo_manager.h; imgui.h; stdio.h; vector,reclaim_argb_distance2; reclaim_merge_image_colors; reclaim_merge_duplicate_images; reclaim_remove_unused_images; reclaim_run; draw_mk2_rom_space_reclaim,eefe87bc13416570a8a51794d24414de63aa0781ac33bb73a22cb6ce9f47737f
platform/UI/tools/mk2_runtime_actor_tool.cpp,yes,108600,2532,UI tools,Inventory and text index,Extract useful services; replace or consolidate presentation and state,Prev; Next; Onion; Preview actors; Labels; Open Isolated Animation Window; New Actor From Selected Object; Load Runtime Sidecar; Infer IMG Level Animations; Save Runtime Sidecar,bg_editor_globals.h; bg_editor.h; Core/editor_project_storage.h; imgui.h; algorithm; cstdio; cstdlib; cstring; cstdint; cstdarg,runtime_actor_frame_ticks_at; runtime_actor_init_default; runtime_actor_select; runtime_actor_preview_imports_loaded; runtime_actor_status; runtime_actor_code_char; runtime_actor_make_code_label; runtime_actor_string_index; runtime_actor_combo_string; runtime_actor_appendf; runtime_actor_copy_bgnd_notes; runtime_actor_active_image_index; runtime_actor_active_image_label; runtime_actor_frame_image_index; runtime_actor_frame_ticks_at; runtime_actor_image_has_anim_metadata; runtime_actor_image_has_strong_anim_metadata; runtime_actor_label_has_anim_hint; runtime_actor_parse_numbered_frame_key; runtime_actor_find_inferred_group; runtime_actor_sort_inferred_group; runtime_actor_collect_inferred_groups; runtime_actor_group_contains_image; runtime_actor_has_source_object_actor; runtime_actor_init_default; runtime_actor_timeline_ticks; runtime_actor_frame_hfl_at; runtime_actor_frame_vfl_at; runtime_actor_current_frame; runtime_actor_default_sidecar_path; runtime_actor_image_is_preview_import; runtime_actor_mark_preview_import_range; runtime_actor_preview_import_count; runtime_actor_preview_imports_loaded; runtime_actor_first_preview_import; runtime_actor_preview_imports_are_tail; runtime_actor_remap_image_slot_after_delete; runtime_actor_remap_image_slot_globals_after_delete; runtime_actor_preview_import_status; runtime_actor_stage_dir; runtime_actor_contains_ci; runtime_actor_count; runtime_actor_total_frame_count; runtime_actor_missing_frame_count; runtime_actor_name_contains_count; runtime_actor_info; runtime_actor_stage_is_forest; runtime_actor_import_stage_runtime_art; runtime_actor_all_labels_available; runtime_actor_add_forest_tree_actors; runtime_actor_frames_all_loaded; runtime_actor_add_derived_actors; runtime_actor_import_deadpool_imgs; runtime_actor_discard_preview_imports; runtime_actor_select; runtime_actor_remove_selected; runtime_actor_add_from_selected_object; runtime_actor_append_active_frame; runtime_actor_replace_anchor_from_selected; runtime_actor_set_current_frame_from_selected; runtime_actor_same_group; runtime_actor_group_count; runtime_actor_group_leader_count; runtime_actor_nudge_group; runtime_actor_select_group; runtime_actor_copy_group_bgnd_notes; runtime_actor_duplicate_current_frame; runtime_actor_copy_current_frame_offsets; runtime_actor_paste_current_frame_offsets; runtime_actor_apply_current_offsets_to_all; runtime_actor_clear_frame_offsets; runtime_actor_draw_validation; runtime_actor_select_source_object; runtime_actor_project_base; runtime_actor_preview_hides_object; runtime_actor_write_int_array; runtime_actor_sidecar_save; parse_json_string_array; parse_json_int_array; runtime_actor_sidecar_load; runtime_actor_import_inferred_level_animations; runtime_actor_autoload_for_stage; runtime_actor_motion_offset; draw_mk2_runtime_actor_overlay; runtime_actor_draw_sdl; draw_mk2_runtime_actor_isolation_window; runtime_actor_flip_mode_combo; draw_runtime_actor_frame_row; draw_mk2_runtime_actor_tool,fccb333b274129ab6bd16cb04acabc45ea8f9f980092db29370f46e72ee9827b
platform/UI/tools/mk2_runtime_actor_tool.h,yes,1465,34,UI tools,Inventory and text index,Extract useful services; replace or consolidate presentation and state,,Core/bdd_format.h; SDL.h; stddef.h,draw_mk2_runtime_actor_tool; draw_mk2_runtime_actor_overlay; draw_mk2_runtime_actor_isolation_window; runtime_actor_preview_hides_object; runtime_actor_preview_imports_loaded; runtime_actor_image_is_preview_import; runtime_actor_preview_import_count; runtime_actor_preview_import_status; runtime_actor_discard_preview_imports; runtime_actor_count; runtime_actor_total_frame_count; runtime_actor_missing_frame_count; runtime_actor_name_contains_count; runtime_actor_info; runtime_actor_mark_preview_import_range; runtime_actor_sidecar_load; runtime_actor_sidecar_save; runtime_actor_import_inferred_level_animations; runtime_actor_autoload_for_stage; runtime_actor_draw_sdl,7ec062ad0b7987861f22d25df51142c48dc8ece7e338dd195fb1d449363969cf
platform/UI/tools/mk2_runtime_extras_backend.cpp,yes,21826,650,UI tools,Inventory and text index,Extract useful services; replace or consolidate presentation and state,,bg_editor_globals.h; undo_manager.h; UI/tools/mk2_runtime_actor_tool.h; imgui.h; cstdio; cstdlib; cstring; vector; strings.h,runtime_guide_palette; runtime_guide_visual_rect; make_runtime_guide_image; runtime_max_image_idx; runtime_floor_write_composite_pixels; runtime_floor_desired_width; runtime_floor_replace_preview_image; ensure_runtime_floor_composite; runtime_guide_same_key; object_matches_runtime_guide; runtime_guide_occurrence_wanted; runtime_guide_existing_object_count; runtime_guide_existing_object_for_index; sync_runtime_guide_object_placement; runtime_clear_selection; select_runtime_guide_objects; delete_runtime_guide_objects; runtime_guide_image_matches; delete_all_runtime_guide_objects; delete_runtime_guide_images_and_objects; hide_runtime_guide_for_session; hide_all_runtime_guides_for_session; mk2_bake_runtime_guides_to_bdb; append_json_string_buf; mk2_copy_selected_runtime_recipe,9c24e8ed5cdd2396efd224cafd638b6f9690cf762778d664e8650f0d45eaa451
platform/UI/tools/mk2_runtime_extras_overlay.cpp,yes,17509,431,UI tools,Inventory and text index,Extract useful services; replace or consolidate presentation and state,,bg_editor.h; bg_editor_globals.h; undo_manager.h; imgui.h; cstdio; cstdlib; cstring,runtime_overlay_bounds_reset; runtime_overlay_bounds_add_rect; runtime_overlay_rounded_div_nearest; runtime_extra_text_contains_ci; runtime_extra_uses_floor_screen_y; runtime_extra_screen_rect; runtime_extra_hit_rect; runtime_guide_bounds_at; runtime_editor_object_bounds_at; runtime_extra_screen_x_for_world; runtime_extra_screen_y_for_world; runtime_consider_snap_pair; runtime_consider_snap_target; runtime_snap_drag_position; draw_mk2_runtime_extras_overlay,ff4581ec5a99951e70f84e24e18469a68de523dc028e9121b436509ddfcbac3a
platform/UI/tools/mk2_runtime_extras_tool.cpp,yes,30582,639,UI tools,Inventory and text index,Extract useful services; replace or consolidate presentation and state,Load Tower2 Preset; Load Wasteland Preset; Clear Recipe; Add Runtime Extra; Browse Source...; HFlip##draft; Add To Recipe; Browse Selected Source...; HFlip; <,bg_editor.h; bg_editor_globals.h; undo_manager.h; imgui.h; cstdio; cstring; strings.h,mk2_current_stage_is_tower2; mk2_current_stage_is_battle; mk2_current_stage_is_forest; mk2_current_stage_looks_like_tower_runtime; mk2_runtime_suggested_preset_for_stage; mk2_runtime_stage_kind; runtime_guides_load_preset; mk2_current_stage_has_known_runtime_extras; tower_runtime_guide_count; runtime_apply_derived_floor; mk2_runtime_autoload_stage_recipe; tower_runtime_guides_init_once; runtime_guides_clear_session; runtime_guides_load_preset; tower_runtime_guides_reset; mk2_runtime_extra_table_row; mk2_try_data_file; mk2_try_root_data_file; mk2_find_sibling_data_file; mk2_append_runtime_tradeoff_notes; mk2_tower2_runtime_report; mk2_battle_runtime_report; draw_tower_runtime_guide_editor; draw_mk2_runtime_extras_tool,dabbbc6dbba664457ccf9b5e39fd48eb76583ed22611ea3005eedfce06258abd
platform/UI/tools/mk2_runtime_lod_import.cpp,yes,22526,665,UI tools,Inventory and text index,Extract useful services; replace or consolidate presentation and state,,bg_editor.h; bg_editor_globals.h; Core/stage_paths.h; undo_manager.h; cstdio; cstdlib; cstring; string; vector; strings.h,path_has_ext_ci; path_is_absolute_for_import; path_dirname_for_import; trim_import_token; resolve_lod_img_path; find_imported_range; uppercase_ascii_inplace; lod_mark_label_in_range; lod_basename_no_ext_upper; lod_text_contains_ci; lod_tag_imported_range; lod_mark_reference_line; img_label_exists_ci; runtime_source_extract_lod_token; runtime_resolve_lod_path; runtime_label_wanted; runtime_lod_ref_line_needs_import; resolve_lod_asm_img_path; runtime_lod_import_current_source; import_runtime_lod_sources_from_lod; import_runtime_lod_sources_for_active_guides; import_runtime_lod_source_labels; runtime_guides_have_any_source_image; runtime_guide_is_floor_asset; runtime_guides_missing_non_floor_source_image; mark_runtime_guide_images_as_lod_refs,d1c5297079c0ccda54ec08645dd3c7cb98a5cf751af2d2f247b33f367ead45dc
platform/UI/tools/mk2_safe_dedup_assistant.cpp,yes,2299,52,UI tools,Inventory and text index,Extract useful services; replace or consolidate presentation and state,Load First Duplicate Pair; Replacement is mirrored; Rewrite Replace Placements To Keep,bg_editor_globals.h; imgui.h; stdio.h,draw_mk2_safe_dedup_assistant,2f256be5d4686f959d9d2189aa02ae18f9460a06be8e553c225be2f57d8dce61
platform/UI/tools/mk2_selected_bpp_reducer_tool.cpp,yes,30519,796,UI tools,Inventory and text index,Extract useful services; replace or consolidate presentation and state,Include shared image uses; Override color count; Black; White; Apply Lower BPP to Selection; Undo Last Edit; Redo Last Edit,bg_editor_globals.h; undo_manager.h; imgui.h; algorithm; climits; cstdio; cstring; vector,selected_bpp_argb_distance; selected_bpp_bounds_reset; selected_bpp_bounds_add_rect; selected_bpp_draw_solid_backdrop_image; group_bpp_index_limit; init_group_bpp_candidate; group_bpp_best_palette_slot; group_bpp_build_nearest_palette; group_bpp_color_index; group_bpp_pack_extra_colors; group_bpp_add_candidate_to_pack; group_bpp_pack_candidates; group_bpp_count_candidate_packs; build_group_bpp_candidates; draw_group_bpp_preview_pair; apply_group_bpp_reducer; draw_mk2_selected_bpp_reducer_tool,f4f366b761621c00b270940ecd1651d4ff26e8a7c26a64595ae804336d526463
platform/UI/tools/mk2_simple_level_dialog.cpp,yes,3347,99,UI tools,Inventory and text index,Extract useful services; replace or consolidate presentation and state,Choose; Create MK2 Level; Cancel,bg_editor_globals.h; imgui.h; stdio.h; string.h,simple_file_exists; mk2_simple_pick_image; open_mk2_simple_level_dialog; draw_mk2_simple_level_dialog,a124f921d7d36d7f8fe535f89e19b531f2e4a55f9831369ce9d1b485f034b133
platform/UI/tools/mk2_smart_palette_grouper.cpp,yes,22858,597,UI tools,Inventory and text index,Extract useful services; replace or consolidate presentation and state,Seed from selected objects; Keep LOAD2 modules separate; Include unused images; Remove unused after apply; Apply Smart Palette Groups,bg_editor_globals.h; undo_manager.h; imgui.h; algorithm; climits; stdio.h; string.h; vector,smart_palette_has_int; smart_palette_module_label; smart_palette_image_ref_info; smart_palette_image_module; smart_palette_add_color; smart_palette_distinct_color_count; smart_palette_find_unit; smart_palette_pack_extra_colors; smart_palette_pack_add_unit; smart_palette_pack_is_applied; build_smart_palette_plan; apply_smart_palette_plan; draw_mk2_smart_palette_grouper,2011eb90be9f67afce3f5cb757ea7940db6cbfe9437689b473fd75278a381b64
platform/UI/tools/mk2_stage_config.cpp,yes,29104,634,UI tools,Detailed relevant sections inspected,Extract useful services; replace or consolidate presentation and state,,bg_editor_globals.h; cstdio; cstdlib; cstring,json_write_string; stage_basename_no_ext; stage_normalize_dir; json_get_object_value; json_get_string_value; json_get_int_value; json_get_float_value; json_get_bool_value; stage_load_config; stage_use_current_project; stage_write_config; stage_append; stage_append_arg; stage_effective_preview_worldx; stage_is_flapjack_sidecar; stage_append_ps_string; stage_flapjack_project_path; stage_append_flapjack_copy; stage_build_flapjack_command; stage_build_command; stage_run_command; stage_open_generated_bdb,d20cbbe8101fb9ad9dc911b632893df363916b5fabc095b224288bf5b5dc3608
platform/UI/tools/mk2_stage_config.h,yes,380,13,UI tools,Inventory and text index,Extract useful services; replace or consolidate presentation and state,,stddef.h; stdio.h,stage_append; stage_append_arg; json_write_string; stage_write_config; stage_build_command,411f3318b86f950ce9df9289c2980ffbcfdc72dca18cbdae544911f3b69215df
platform/UI/tools/mk2_stage_fx_builder_tool.cpp,yes,13900,300,UI tools,Inventory and text index,Extract useful services; replace or consolidate presentation and state,Enable Red Shift; Match point; Low health; Timer threshold; Round start; Finish state; Fade back on comeback; Round 3 only; Generate Intermediate Palettes; Save FX To Stage Config,bg_editor_globals.h; undo_manager.h; imgui.h; stdio.h; string.h,draw_mk2_stage_fx_builder_tool; stage_fx_strength_at_frame; stage_fx_build_snippet; stage_fx_generate_fade_palettes; stage_fx_layer_strength,f543db6a245a2f45312aa55aec1d0d1afd0965cad144705dcbefe135fcf5a6b9
platform/UI/tools/mk2_stage_fx_builder_tool.h,yes,125,6,UI tools,Inventory and text index,Extract useful services; replace or consolidate presentation and state,,,,7c9ef90c0572f284ceea87ade5893fafa8e1b6c0c889b580c2b9dfe4c9b0b4b8
platform/UI/tools/mk2_stage_handoff_tools.cpp,yes,2421,55,UI tools,Inventory and text index,Extract useful services; replace or consolidate presentation and state,Manifest readiness; bookmarks; commands; Write Package Manifest; Write Patch Recipe; Write Both Handoff Files; Copy Handoff Paths; Import Patch Recipe,bg_editor_globals.h; imgui.h; cstdio,draw_mk2_stage_handoff_exports; draw_mk2_patch_recipe_import_tool,766245f105ad0be6fa8473523f4b299bc41755c168fe6f64e2a0fee59a12746b
platform/UI/tools/mk2_stage_layer_role_editor.cpp,yes,2788,58,UI tools,Inventory and text index,Extract useful services; replace or consolidate presentation and state,Copy Layer Role JSON,bg_editor_globals.h; imgui.h; stdio.h,draw_mk2_stage_layer_role_editor,83239cf8d4f7e58818934c35a5234f06f009e5a4d68c6057d6e96389d58864e7
platform/UI/tools/mk2_stage_preview_dashboard.cpp,yes,2009,47,UI tools,Inventory and text index,Extract useful services; replace or consolidate presentation and state,Export Editor Composite; Diff Source -> ROM; Diff Composite -> ROM; Diff ROM -> MAME,bg_editor_globals.h; imgui.h; cstdio; cstring,draw_mk2_stage_preview_dashboard,3f9d16e1bab0087d3617d6a34fa8e7da537da66eaa51e31012377ac0d48e67aa
platform/UI/tools/mk2_stage_readiness_gate.cpp,yes,14123,231,UI tools,Inventory and text index,Extract useful services; replace or consolidate presentation and state,Block on high-color images; Copy Readiness Report; Select Outside-Module Objects##gate; Include Outside Objects In Nearest Module##gate; Delete Outside Objects##gate; Run Safe Fixes; Use Worst Pan X As Preview; Copy Readiness Report,bg_editor_globals.h; imgui.h; stdio.h,draw_gate_row; draw_mk2_stage_readiness_gate,78dc27a756035c2976f862da162b412358df2082f97e1c3373445341aae6ef0a
platform/UI/tools/mk2_stage_recipe_manifest.cpp,yes,29665,515,UI tools,Inventory and text index,Extract useful services; replace or consolidate presentation and state,,bg_editor_globals.h; cstdio; cstdlib; cstring,stage_write_manifest_commands; stage_write_package_manifest; stage_write_recipe_string_field; stage_write_layer_roles_json; stage_write_recipe_import_settings; stage_write_patch_recipe; stage_import_roundtrip_settings; stage_import_patch_recipe,b79dc4b9d522cb37fbebee17731e331f9cfa7c3a073500906fba7dfc08a1204e
platform/UI/tools/mk2_stage_repair_mode.cpp,yes,1360,31,UI tools,Inventory and text index,Extract useful services; replace or consolidate presentation and state,"Show Dormant Images in Explorer; Select Objects Using Highlighted Image; Disable Selected, Keep Art",bg_editor_globals.h; imgui.h; stdio.h,draw_mk2_stage_repair_mode,9a399c21df93f28a28a32aed3cdb4ae90256e86996fce18021e318fcd445889e
platform/UI/tools/mk2_stage_start_camera_tool.cpp,yes,4620,103,UI tools,Inventory and text index,Extract useful services; replace or consolidate presentation and state,Use custom start camera; Use Current Preview Camera; Use Package Preview X; Use custom fighter ground Y; Load Current BGND Values; Patch BGND.ASM init block; Apply Match Start to BGND.ASM; Apply Start Camera to BGND.ASM; Apply Fighter Ground Y to BGND.ASM,bg_editor.h; bg_editor_globals.h; imgui.h; cstdio; cstring,draw_mk2_stage_start_camera_tool,117f904d611330cfbace6b849c1ac33c70a94659d1c6a256c5ce2f8e8cf1cf1d
platform/UI/tools/mk2_stage_wiring_check.cpp,yes,9579,236,UI tools,Inventory and text index,Extract useful services; replace or consolidate presentation and state,,bg_editor.h; bg_editor_globals.h; Core/img_format.h; Core/world_module_utils.h; undo_manager.h; imgui.h; stdio.h; string.h; vector,draw_check_row; fix_grow_world_to_fit; fix_open_palette_grouper; fix_delete_unused_images; fix_remove_unused_palettes; fix_rename_duplicate_modules; fix_rename_to_filename; draw_mk2_play_readiness_checklist,683f892cf2626fc38973ce40dfb69fd6223333901d67d5543485e39b250802e7
platform/UI/tools/mk2_template_wizard_tool.cpp,yes,1754,43,UI tools,Inventory and text index,Extract useful services; replace or consolidate presentation and state,New MK2 Walkable Stage; New Portal Layered Stage; New Stock Stage Repair Canvas; New Floor + Mid + Foreground Stage,bg_editor_globals.h; imgui.h; cstdio,apply_mk2_template_preset; draw_mk2_template_wizard_tool,a2575e74545b40fd4fca26af90d11b22960ccb09f69ab980148aecea3df81d9a
platform/UI/tools/mk2_transparency_advisor.cpp,yes,2402,54,UI tools,Inventory and text index,Extract useful services; replace or consolidate presentation and state,Replace Candidate With Transparent 0; Select All Objects Using This Image,bg_editor_globals.h; imgui.h; stdio.h,draw_mk2_transparency_advisor,2773609a9841a2feba1bfd9c87b382c001f58c7770efb9d7f6d0bd42684a0855
platform/UI/tools/mk2_visual_diagnostics.cpp,yes,16453,385,UI tools,Inventory and text index,Extract useful services; replace or consolidate presentation and state,Same layer only; Select; Ctr; Use Stage Kit preview X; Center Exposed Band; Use Stage Kit preview X,bg_editor_globals.h; imgui.h; stdlib.h; string.h,edge_delta; add_seam_candidate; draw_mk2_palette_seam_detector; mk2_visible_pixel_at; draw_mk2_uppercut_headroom_preview; draw_mk2_parallax_sanity_checker; foreground_coverage_for_rect; draw_occ_bar; draw_mk2_foreground_occlusion_preview,68f612d80e9e631454ea8f3fe393d3abf2da9fea121bc39f1543fe07666d3b25
platform/UI/tools/mk2_wedge_risk_tool.cpp,yes,7899,195,UI tools,Inventory and text index,Extract useful services; replace or consolidate presentation and state,Focus; Trim,bg_editor_globals.h; imgui.h; stdio.h; vector,wedge_runs_encodable; wedge_image_at_risk; wedge_focus_image; draw_mk2_wedge_risk_tool,63fb4aabf0c17becd3365c6a90369a21cf273691b2f6227aadc324c243968a03
platform/UI/tools/mk2_workflow.cpp,yes,9082,249,UI tools,Detailed relevant sections inspected,Extract useful services; replace or consolidate presentation and state,Validate; Save All; Export Assembly Skeleton,bg_editor_globals.h; imgui.h,mk2_tool_header; mk2_workflow_show_check_section; mk2_workflow_show_optimize_section; draw_mk2_workflow,7f4da3d122270dac5c2cd11a6864e1633c59a6eefcff19960cbed37013d413fa
platform/UI/tools/mk2_workspace_import.cpp,yes,17704,471,UI tools,Inventory and text index,Extract useful services; replace or consolidate presentation and state,,bg_editor_globals.h; libs/stb_image.h; undo_manager.h; algorithm; climits; cstdio; cstdlib; cstring; utility; vector; strings.h,path_basename_no_ext; path_replace_ext; copy_file_binary; mk2_import_workspace_apply; rgb555_distance; color_index_in_vec; add_color_unique; nearest_palette_index; reduce_tile_colors; mk2_clustered_png_import_apply; reimport_image,04171e9df02a77cb13f8f7042da7e63dc12fb4a10548fa28cf32143345267f8a
platform/UI/tools/palette_blend_merge_tool.cpp,yes,4509,95,UI tools,Inventory and text index,Extract useful services; replace or consolidate presentation and state,Create replacement palettes; Apply Palette Blend; Union uses only; Merge A+B to Shared Palette,bg_editor_globals.h; imgui.h; stdio.h,draw_palette_strip_preview; draw_palette_blend_merge_tool,6fb831c985a713a375dc4b7ccf0b2d8c111e20d7237ac4a2d6adf09643c37ae8
platform/UI/tools/palette_color_tools.cpp,yes,34368,886,UI tools,Inventory and text index,Extract useful services; replace or consolidate presentation and state,Preserve original brightness; Preview in Current View; Accept Preview; Cancel Preview; Load PNG...; Connected pixels only; Add to Project Palettes; Export Swatch PNG...,UI/tools/palette_color_tools.h; bg_editor_globals.h; Core/bdd_core.h; UI/dialogs/native_file_dialogs.h; imgui.h; libs/stb_image.h; libs/stb_image_write.h; undo_manager.h; algorithm; cmath; cstdio; cstring; queue; unordered_map; utility; vector,clamp01; build_tinted_palette; draw_tinted_palette_preview; palette_name_exists; palette_sequence_root; make_numbered_palette_name; current_document_id; color_preview_release; color_preview_capture; color_preview_same_document; color_preview_restore_original; apply_object_color_shift; apply_global_color_shift; color_preview_apply; wand_destroy_texture; wand_pixel_matches; wand_collect_palette; wand_rebuild_texture; wand_select; wand_load_png; draw_extracted_swatches; path_has_extension; write_palette_swatch_png; wand_export_swatch_png; sanitize_palette_filename; draw_palette_color_shift_tool; draw_palette_magic_wand_tool; palette_color_tools_shutdown; export_all_palettes_to_folder_dialog; palette_color_shift_preview_active; palette_color_shift_cancel_preview,00ab2277b06b90cc3c4f10aebab06d07ac95d654bb001ce23f69dd26a06eb918
platform/UI/tools/palette_color_tools.h,yes,336,11,UI tools,Inventory and text index,Extract useful services; replace or consolidate presentation and state,,,draw_palette_color_shift_tool; draw_palette_magic_wand_tool; export_all_palettes_to_folder_dialog; palette_color_shift_preview_active; palette_color_shift_cancel_preview; palette_color_tools_shutdown,253035025d63fda727f0203c0b8a213ebd0afa5a9ab81ea13969c61e19cd08b5
platform/UI/tools/small_artifact_finder.cpp,yes,9262,247,UI tools,Inventory and text index,Extract useful services; replace or consolidate presentation and state,Only split/chop sources; Delete orphan images; Select Listed; Delete Listed Objects; Sel; Del,bg_editor_globals.h; undo_manager.h; imgui.h; algorithm; stdio.h; string.h; vector,text_has_ci; image_nonzero_pixel_count; image_looks_split_artifact_source; collect_small_artifact_candidates; select_small_artifact_candidates; delete_small_artifact_candidates; draw_mk2_small_artifact_finder,139b01583b584cf975289c0111b7e665e299efcfe524435b267e456c07b6f4e7
platform/UI/tools/stage_share_bundle.cpp,yes,25335,616,UI tools,Inventory and text index,Extract useful services; replace or consolidate presentation and state,Tested in MAME; Build bundle...; Open submission issue; Open folder; Copy page; Rebuild; Close,UI/tools/stage_share_bundle.h; UI/tools/stage_share_media.h; bg_editor.h; bg_editor_globals.h; Core/path_utils.h; Core/stage_paths.h; Core/zip_writer.h; imgui.h; cstdarg; cstdio; cstring; string; vector; windows.h; shellapi.h,export_composite_to; copy_file_overwrite; md_append; url_encode; open_in_shell; section_credits; section_download; section_enable; section_budget; build_page; stage_share_build_bundle; stage_share_submit_flow; do_build; open_submission_issue; draw_stage_share_dialog,dd4adbb809cd1fef4a5f682b58d59bb348041fc3d2481e8d310f644e44c607ef
platform/UI/tools/stage_share_bundle.h,yes,2050,48,UI tools,Inventory and text index,Extract useful services; replace or consolidate presentation and state,,stddef.h,stage_share_build_bundle; stage_share_submit_flow; draw_stage_share_dialog,09f4dcfcd9ba343cd0046ef9f180d01bfec78715b42b1b4c457b56965f2bdf84
platform/UI/tools/stage_share_media.cpp,yes,7944,220,UI tools,Inventory and text index,Extract useful services; replace or consolidate presentation and state,,UI/tools/stage_share_media.h; bg_editor.h; bg_editor_globals.h; Core/image_lookup.h; Core/path_utils.h; Core/stage_paths.h; libs/stb_image_write.h; cstdio; cstdlib; cstring; windows.h; mach-o/dyld.h; unistd.h; unistd.h,share_media_exe_path; share_media_have_ffmpeg; run_quiet; share_media_render_game_view; share_media_export_props; share_media_render_scroll,5215991c18ab996d6d1eedf78ed801acdfc9401bf73532b689bec9f79de8719a
platform/UI/tools/stage_share_media.h,yes,1049,30,UI tools,Inventory and text index,Extract useful services; replace or consolidate presentation and state,,stddef.h; stdbool.h,share_media_export_props; share_media_render_scroll; share_media_render_game_view; share_media_have_ffmpeg; share_media_exe_path,b152535f100c6e9a2a84e1f12522a0e33ea269610fe5aadd7e450209f70b2645
platform/UI/view/canvas_scrollbars.cpp,yes,7808,203,UI/application,Inventory and text index,Extract useful services; replace or consolidate presentation and state,,bg_editor.h; Core/editor_app_globals.h; Core/editor_project_globals.h; UI/view/canvas_scrollbars.h; UI/app/editor_lifecycle.h; UI/view/welcome_screen.h; UI/view/right_sidebar.h; imgui.h; limits.h,canvas_clamp_int; canvas_point_in_rect; image_grid_content_size_px; draw_canvas_scrollbars,33b44b0415a694f0bbed54fce8a8e5cefc9334153573548623f1040f827bf279
platform/UI/view/canvas_scrollbars.h,yes,100,6,UI/application,Inventory and text index,Extract useful services; replace or consolidate presentation and state,,,draw_canvas_scrollbars,72c35c6b0fb77b03f46516c97135a78a8df8406faf6c9ab2ddc72d3a14aa63c4
platform/UI/view/game_view_controls.cpp,yes,116881,2861,UI/application,Detailed relevant sections inspected,Extract useful services; replace or consolidate presentation and state,Use Selected Object; Highlight##gv_active_module_highlight; Dim Others##gv_active_module_focus; Snap to MK2 presets##gv_auto_parallax_snap; Apply All Auto; Set; Center Object; +128 W; +64 H; Default Limits,bg_editor.h; bg_editor_globals.h; Core/editor_app_globals.h; Core/editor_project_globals.h; Core/image_lookup.h; Core/image_processing.h; Core/world_module_utils.h; UI/view/game_view_controls.h; UI/actions/module_runtime_promote.h; UI/view/navigation.h; UI/actions/object_position_undo.h; UI/view/world_view_helpers.h; undo_manager.h; imgui.h; algorithm; climits; cstdarg; cstdio; cstring; vector,game_view_tools_avail_width; game_view_tools_button_width; game_view_tools_checkbox_width; game_view_tools_same_line_if_fits; game_view_tools_same_line_button_if_fits; game_view_tools_text_disabled_wrapped; game_view_tools_section_gap; game_view_tools_collapsing_header; game_view_runtime_name_ieq; game_view_selected_object_module; game_view_selected_object_in_module; game_view_object_outside_camera_y; game_view_select_offscreen_camera_y_objects; game_view_module_name; game_view_module_index_by_name; game_view_player_foreground_rank; game_view_plane_is_player_foreground; game_view_select_foreground_modules; game_view_module_plane_info; game_view_builder_offset_for_selected_block; game_view_module_block_bounds; game_view_runtime_module_rect; game_view_runtime_rect_overlap; game_view_select_module_pair; game_view_apply_runtime_offset_nudge; game_view_prepare_runtime_preview_after_order_edit; game_view_parallax_preset_for; game_view_clamp_parallax_factor; game_view_nearest_preset_factor; game_view_image_visible_weight; game_view_auto_parallax_y_fallback; game_view_auto_parallax_rec; game_view_parallax_changed; game_view_select_parallax_module; draw_game_view_parallax_module_highlight; game_view_ensure_active_module; draw_game_view_active_module_selector; draw_game_view_save_path_note; draw_game_view_parallax_module_highlight; draw_game_view_auto_parallax_tool; game_view_parse_stage_header; game_view_read_stage_frame; game_view_refresh_stage_frame_state; game_view_apply_stage_frame; game_view_content_frame; game_view_set_match_start_here; game_view_reset_all_layers; game_view_primary_object; draw_game_view_object_thumbnail; draw_game_view_stage_frame_controls; game_view_add_size_audit_item; game_view_collect_size_audit_items; game_view_focus_audit_image; game_view_focus_audit_palette; game_view_focus_audit_item; draw_quick_size_audit_contents; open_quick_size_audit; draw_quick_size_audit_window; draw_game_view_runtime_parallax_editor; draw_game_view_runtime_draw_stack; draw_game_view_runtime_overlap_doctor; draw_game_view_plane_order_editor; draw_game_view_match_start_controls; draw_game_view_selection_layer_controls; draw_game_view_side_tools_panel; draw_game_view_controls,f48ff08d372ea453862391cdfb50fb36edeaadb4b21d23b1b23e0e43a8a8f9ec
platform/UI/view/game_view_controls.h,yes,103,6,UI/application,Inventory and text index,Extract useful services; replace or consolidate presentation and state,,,draw_game_view_controls,c4e60ae2c94fc57932ecd213ba6517d400bf4826272d5a87bea91e766c032508
platform/UI/view/navigation.cpp,yes,3649,105,UI/application,Detailed relevant sections inspected,Extract useful services; replace or consolidate presentation and state,,bg_editor.h; Core/editor_project_globals.h; Core/image_lookup.h; UI/view/navigation.h; UI/view/right_sidebar.h; imgui.h; climits,zoom_to_fit; zoom_to_selection; fit_game_preview_zoom_to_window; focus_editor_on_game_preview_screen; route_to_game_preview_screen,2fa4ef15b10b9258c3c171ef042a850c5be88c13586d9801bb4e215a5ce5eb42
platform/UI/view/navigation.h,yes,269,10,UI/application,Inventory and text index,Extract useful services; replace or consolidate presentation and state,,,zoom_to_fit; zoom_to_selection; fit_game_preview_zoom_to_window; focus_editor_on_game_preview_screen; route_to_game_preview_screen,994d5de7646ddf6badd4dc2c8e7a79059da73113bfaf4859b4db531ac14e4e84
platform/UI/view/right_panel_layout.cpp,yes,456,12,UI/application,Detailed relevant sections inspected,Extract useful services; replace or consolidate presentation and state,,bg_editor_globals.h; imgui.h,set_left_panel_default,2eb3bb9e12c455574bc6575657e8b0e7ff4c2c1b1696bf269ceb01c3eb0d0dc3
platform/UI/view/right_panel_layout.h,yes,123,6,UI/application,Inventory and text index,Extract useful services; replace or consolidate presentation and state,,,set_left_panel_default,b77c365a0f64b5abacc2b11f35b3742fbe5031da59ae4e94f1111008cdd6f850
platform/UI/view/right_sidebar.cpp,yes,17393,472,UI/application,Detailed relevant sections inspected,Extract useful services; replace or consolidate presentation and state,Properties; List; Assets; Tools; Colors; Slots; Tools; Overview; Create; Edit,bg_editor.h; bg_editor_globals.h; UI/view/right_sidebar.h; UI/view/status_bar.h; UI/view/welcome_screen.h; UI/app/editor_lifecycle.h; imgui.h; cstdio; cstring,sidebar_default_width; sidebar_max_width; sidebar_clamp_width; sidebar_save; sidebar_load; right_sidebar_visible; right_sidebar_width; editor_canvas_right_x; right_sidebar_reset_layout; right_sidebar_show_tab; sidebar_body; sidebar_section_objects; sidebar_section_images; sidebar_section_palettes; sidebar_section_modules; sidebar_section_stage; sidebar_draw_section; sidebar_collect_requests; sidebar_draw_collapsed; sidebar_draw_grip; draw_right_sidebar,cb664aa025e948b8198f86b57f4ea00655d6c7d8599a61a4ab5c6f33efe67a87
platform/UI/view/right_sidebar.h,yes,745,25,UI/application,Inventory and text index,Extract useful services; replace or consolidate presentation and state,,,draw_right_sidebar; right_sidebar_show_tab; right_sidebar_visible; right_sidebar_width; editor_canvas_right_x; right_sidebar_reset_layout,e41ceec3ebce2d9c38f6aaf3a1035bc31f08782108eb6dd02477a81687890a35
platform/UI/view/stage_overview.cpp,yes,6942,195,UI/application,Inventory and text index,Extract useful services; replace or consolidate presentation and state,Close  [Esc]; Re-render,bg_editor.h; Core/editor_project_globals.h; Core/image_lookup.h; UI/sdl/sdl_context.h; UI/view/stage_overview.h; imgui.h; cstdio; cstring; cstdint; cstdlib; climits,stage_overview_is_open; ov_render; toggle_stage_overview; poll_stage_overview_result; draw_stage_overview,3aece8dee5d4b885ff8d5cca0f6d06a4f738934d140d3597d0721110c19a5d82
platform/UI/view/stage_overview.h,yes,199,9,UI/application,Inventory and text index,Extract useful services; replace or consolidate presentation and state,,,stage_overview_is_open; toggle_stage_overview; poll_stage_overview_result; draw_stage_overview,9722c8c42af2744e750132bca0f2e4c23a4055c4cc39a5a1143806af300466c2
platform/UI/view/status_bar.cpp,yes,7003,152,UI/application,Detailed relevant sections inspected,Extract useful services; replace or consolidate presentation and state,,bg_editor.h; Core/editor_app_globals.h; Core/editor_project_globals.h; Core/editor_project_storage.h; Core/image_lookup.h; Core/world_module_utils.h; UI/view/status_bar.h; imgui.h; limits.h; stdio.h,stage_health; status_bar_height; draw_status,e77e8ce4e80c83336e403f5c74b9ee5e02edc881124718bb0a5b68704292e357
platform/UI/view/status_bar.h,yes,113,7,UI/application,Inventory and text index,Extract useful services; replace or consolidate presentation and state,,,draw_status; status_bar_height,f1920a6e87ada661a0f285ed3c5494e6718264ff371747423d5cbb48cbf5c6d9
platform/UI/view/toast_notifications.cpp,yes,3571,103,UI/application,Inventory and text index,Extract useful services; replace or consolidate presentation and state,,Core/editor_app_globals.h; Core/editor_project_globals.h; Core/editor_project_storage.h; UI/view/toast_notifications.h; imgui.h; stdio.h,toast_push; stage_set_toast; draw_stage_toast_overlay; draw_toasts; capacity_warn_check,47fadd597ce71acc689160cd8895d7c0690b25f832abdbb8a7abe9f4d9ffd87d
platform/UI/view/toast_notifications.h,yes,228,11,UI/application,Inventory and text index,Extract useful services; replace or consolidate presentation and state,,,stage_set_toast; draw_stage_toast_overlay; draw_toasts,d1aa1e11f50395c9fccfad8eb06b6cec37581faae6771a2827e8dc7920a1d3e4
platform/UI/view/welcome_screen.cpp,yes,14407,314,UI/application,Inventory and text index,Extract useful services; replace or consolidate presentation and state,Open other file...; ##wcard; Create##blank; Don't show on startup; Open other file...; New Project...; ##awcard,bg_editor_globals.h; imgui.h; cstdio; cstring; ctime; sys/stat.h,welcome_open_path; welcome_rel_time; welcome_visible; draw_welcome,98f173854eedcebeb36b1af0bcfe71638e9a7caf4f112aa3fb97eabed84a845f
platform/UI/view/welcome_screen.h,yes,112,7,UI/application,Inventory and text index,Extract useful services; replace or consolidate presentation and state,,,welcome_visible; draw_welcome,fab78c3a0e250a962bf10e648c2e6e8a61bd2f424929d10c71c3e8644b242501
platform/UI/view/world_view_helpers.cpp,yes,8080,240,UI/application,Detailed relevant sections inspected,Extract useful services; replace or consolidate presentation and state,,bg_editor.h; Core/bdd_core.h; Core/editor_app_globals.h; Core/editor_project_globals.h; Core/image_lookup.h; UI/view/world_view_helpers.h,gv_scroll_factor; gv_object_origin; mk2_scroll_factor_for_layer; screen_rect_intersects_clip; bdd_game_view_screen_rect; bdd_world_to_screen; bdd_screen_to_world; bdd_world_rect_screen_rect; bdd_object_screen_rect; bdd_object_screen_snap_rect; active_image_index; object_pixel_at_screen; img_anim_offset_x; img_anim_offset_y,1f37f8d2d63f6460595d3e28e7337a95f4d21b5e56f783e52bcaf366ede6b126
platform/UI/view/world_view_helpers.h,yes,474,14,UI/application,Inventory and text index,Extract useful services; replace or consolidate presentation and state,,Core/bdd_format.h,gv_scroll_factor; gv_object_origin; mk2_scroll_factor_for_layer; active_image_index; object_pixel_at_screen; img_anim_offset_x; img_anim_offset_y,802f91f32fb44f268862a446e4dddbee17d74f2c909e5c3270eff849c5543dc2
platform/UI/widgets/IEditorPanel.h,yes,664,28,UI/application,Inventory and text index,Extract useful services; replace or consolidate presentation and state,,string,,8226d5073400bce0507f2b80df9670cfdfaf933a0ed82de1f78c1269107858b8
platform/UI/widgets/path_field.cpp,yes,605,20,UI/application,Inventory and text index,Extract useful services; replace or consolidate presentation and state,,UI/dialogs/native_file_dialogs.h; UI/widgets/path_field.h; imgui.h; cstdio,draw_path_field,922c84dd66fdbccb031a58c476c1634517a3887504ca1511b6fc5feefe1657ee
platform/UI/widgets/path_field.h,yes,205,9,UI/application,Inventory and text index,Extract useful services; replace or consolidate presentation and state,,stddef.h,draw_path_field,82f0e3a3da3ddfe42862d46140507f11d94915a3e91d5cf395e5a189d1291f5f
platform/_local/mk2_finish_line_gate.cpp,no (local/ignored),6446,141,Retired local tool,Inventory and text index,Historical reference; not a shipped editor surface,Delete Stale Assembler Products; Full mode; Allow existing source; Render ROM zip; VS control; Address overlap check; Package no-install; Run Headless MK2 Proof; Copy Headless Proof Command; Run mame -verifyroms,bg_editor_globals.h; imgui.h; cstdio,mk2_stale_artifact_count; mk2_delete_stale_artifacts; finish_build_automation_command; finish_build_verifyroms_command; draw_mk2_finish_line_gate,7342e6bf73791fdc4db6eb4ce4c3b57d7ffa17e1eedef436f992320c6394a149
platform/_local/mk2_mame_preview_tool.cpp,no (local/ignored),5892,130,Retired local tool,Inventory and text index,Historical reference; not a shipped editor surface,Allow stale screenshot fallback; Run Live MAME Capture; Copy Live MAME Command,bg_editor_globals.h; imgui.h; cstdio; cstdlib; cstring,mame_build_command; mame_copy_command; mame_run_command; draw_mk2_mame_preview_tool,11e3afcc37fbb3d1948ce50315f3bb96bd1f9e34720625741aea9a213b6e2e18
platform/_local/mk2_rom_space_budget_tool.cpp,no (local/ignored),2553,53,Retired local tool,Inventory and text index,Historical reference; not a shipped editor surface,Copy Space Analyzer Command; Run Space Analyzer,bg_editor_globals.h; imgui.h; stdio.h; stdlib.h,draw_mk2_rom_space_budget_tool,2cbad893ad3413e1c273c303b7c840c9991b7b4a701266be74625c5c0a3113fa
platform/_local/mk2_runtime_preview_tool.cpp,no (local/ignored),5099,89,Retired local tool,Inventory and text index,Historical reference; not a shipped editor surface,Render Runtime Preview; Copy Runtime Preview Command,bg_editor_globals.h; imgui.h; cstdio,runtime_preview_build_command; draw_mk2_runtime_preview_tool,6ea11f90aec8ac6eb6ed4952d60a6f26fec04e2403ebabf412f5f5544eac8619
platform/_local/mk2_stage_kit_controls.cpp,no (local/ignored),10571,190,Retired local tool,Inventory and text index,Historical reference; not a shipped editor surface,Stage Kit; Use Current Project; Load Config; Save Config; Open Generated; ...##stage_dir; Auto-fit source PNGs; Pan temple/mid layer; Use stock side towers; Floor perspective bands,bg_editor_globals.h; imgui.h; cstdio; cstring,draw_mk2_stage_kit_controls,327dd1ac27f08285bdb29b6fdf8e9d6e37b9dcea9b0571010fa78ca02dcfcbe5
platform/assets/MaterialSymbolsSharp-Regular.ttf,yes,855248,,Media/dependency asset,Inventory only,Preserve; not application logic,,,,cabcacd678e6b183f0e09eaef88dd6d4a9f1593a359f3f55660902bfb52e2954
platform/assets/appicon.ico,yes,57893,,Media/dependency asset,Inventory only,Preserve; not application logic,,,,64874b4420bc5f5506eccfb6c507c94575e1da73e7b93c5b234770e3db5ba737
platform/assets/bddview.ico,yes,48495,,Media/dependency asset,Inventory only,Preserve; not application logic,,,,1cb73bdc53e012085fb185c9dd905fbe0be9bcfaa59c7eb367d10d2274cf46fa
platform/bddtool_cli.cpp,yes,45993,1174,Application/support,Inventory and text index,Review within document/command migration,,libs/stb_image_write.h; Core/bdd_core.h; cstdio; cstdlib; cstring; cstdint; climits; cassert; string; vector; algorithm; sys/stat.h,empty; refresh_bdb; refresh_bdd; parse_bdb; parse_bdd; scroll_factor; load2_estimated_block_bytes; push_unique_int; object_module_index; object_visible_at_camera; make_dir; path_exists; write_image_png; cmd_info; cmd_list; module_slop; cmd_validate; cmd_export; cmd_stats; cmd_palette; cmd_sheet; cmd_diff; cmd_render; print_usage; main,1ff40b0f5f753b5859484791cf26a365320576879ba1637ba0393f7d8dc3fdef
platform/bddview.rc,yes,932,39,Application/support,Inventory and text index,Review within document/command migration,,windows.h; Core/app_version_resource.h,,78596d33352536013499dbef0b09a98cbdd1a808c34418b4ad98765025a31f78
platform/bg_editor.cpp,yes,19538,507,Application/support,Detailed relevant sections inspected,Review within document/command migration,,bg_editor.h; bg_editor_globals.h; Core/bdd_format.h; utils/compat.h; cstdio; cstring; strings.h; undo_manager.h,selected_count; set_left_panel_default; center_view_on_object; gv_scroll_factor; gv_object_origin; welcome_visible; request_unsaved_action; file_dialog_open; folder_dialog_open; apply_safe_dedup; sync_bdb_header_counts; assign_module; create_checker_test_level; create_bg_proof_level; open_mk2_simple_level_dialog; new_project_apply; save_all_dirty_documents; draw_mk2_authoring_tools; draw_mk2_runtime_extras_tool; mk2_bake_runtime_guides_to_bdb; mk2_copy_selected_runtime_recipe; mk2_import_workspace_apply; mk2_clustered_png_import_apply; selected_count; stage_append; stage_append_arg; stage_set_toast; stage_write_config; stage_build_command; stage_run_command; stage_open_generated_bdb; json_write_string; json_get_string_value; json_get_int_value; json_get_float_value; json_get_bool_value; json_get_object_value; stage_load_config; export_composite_png; export_viewport_png; file_dialog_save; runtime_guides_clear_session; add_image_to_view_center; select_all_with_image_ii; reimport_image; image_nonzero_bounds; image_palette_usage_stats; trim_image_transparent_border; compress_active_image_palette; compact_palettes_for_image_range; optimize_image_range_for_space; delete_unused_images_impl; chop_image_to_map; open_split_object_dialog; stage_export_bundle; batch_palette_rebuild; delete_all_runtime_guide_objects; delete_runtime_guide_images_and_objects; hide_all_runtime_guides_for_session; draw_mk2_selected_bpp_reducer_tool; draw_mk2_small_artifact_finder; draw_mk2_smart_palette_grouper; draw_palette_blend_merge_tool; draw_group_bpp_reducer_panel; draw_alignment_doctor_overlay; draw_path_field; import_png; import_img_file; import_img_file_filtered; import_lod_file; mk2_palette_sync_request_prompt; draw_mk2_palette_sync_prompt; mk2_palette_sync_auto_apply_if_ready; draw_obj_properties,09f1e3f5396287c9bd649f8285d844b88731ea2cf4fe0f334ca52ff2c5ee65ec
platform/bg_editor.h,yes,13324,269,Application/support,Inventory and text index,Review within document/command migration,,SDL.h,bg_editor_init; bg_editor_process_event; bg_editor_new_frame; bg_editor_render; bg_editor_shutdown; bg_editor_wants_input; bg_editor_wants_wheel; bg_editor_wants_keyboard; bg_editor_request_close; bg_editor_take_close_approved; bg_editor_canvas_top_px; bg_editor_import_png; bg_editor_import_png_headless; bg_editor_import_img; bg_editor_import_img_folder; bg_editor_import_lod; bg_editor_autoload_lod_assets; bg_editor_place_last_import; bdd_get_world_bounds; bdd_get_runtime_layout_bounds; bdd_get_editor_layout_bounds; bdd_get_editor_view_bounds; bdd_clamp_editor_view; bdd_get_game_preview_bounds; bdd_center_game_preview_camera; bdd_get_stage_start_camera; bdd_get_stage_ground_y; bdd_get_stage_scroll_limits; bdd_get_stage_bg_color; bdd_reset_game_preview_camera; bdd_object_runtime_origin; bdd_world_point_runtime_origin; bdd_object_editor_origin; bdd_object_game_scroll_factor; bdd_object_game_origin; bdd_object_runtime_draw_rank; bdd_object_uses_runtime_floor_y; bdd_runtime_floor_screen_y; bdd_runtime_floor_shear_per_line; bdd_object_game_screen_y; bdd_stage_floor_descriptor; bdd_mkbgani_sprite_info; bdd_stage_module_blocks; bdd_stage_module_record; bdd_stage_module_hdrs_count; bdd_stage_plane_count; bdd_stage_plane_info; bdd_stage_plane_scroll_origin; bdd_module_runtime_placement; bdd_module_runtime_screen_rect; bdd_module_view_bounds; bdd_module_view_is_runtime; bdd_module_view_contains; bdd_stage_module_baklst; bdd_stage_baklst_module; bdd_object_in_background_plane; bdd_stage_floor_rank; bdd_stage_shadow_rank; bdd_stage_object_rank; bdd_stage_runtime_actors; bdd_game_view_screen_rect; bdd_world_to_screen; bdd_screen_to_world; bdd_world_rect_screen_rect; bdd_object_screen_rect; bdd_object_screen_snap_rect; bg_editor_undo_save; bg_editor_set_action_label; bg_editor_snap_dist; bg_editor_visible_pixel_snap_enabled; bg_editor_object_snap_rect_at; bg_editor_object_hit_test_at,e939fac443f6cf18a24821ef6f089e0f93cc92cf97d56d4a7264b54d907d2733
platform/bg_editor_globals.h,yes,40693,1026,Application/support,Inventory and text index,Review within document/command migration,,Core/app_version.h; Core/bdd_format.h; Core/app_diagnostics.h; Core/bdd_core.h; Core/editor_project_storage.h; Core/image_lookup.h; Core/image_processing.h; Core/mk2_shared_paths.h; Core/project_header.h; Core/project_snapshot.h; Core/recent_files.h; Core/tga_import.h; Core/viewer_load.h; Core/viewer_save.h; Core/world_module_utils.h; UI/tools/mk2_runtime_actor_tool.h; UI/view/toast_notifications.h; SDL.h; stddef.h; stdio.h,bg_editor_snap_dist; bg_editor_object_snap_rect_at; merge_duplicate_palettes; batch_palette_rebuild; remove_unused_palettes_impl; capacity_warn_check; new_project_apply; draw_new_project; open_save_error_popup; draw_save_error_popup; draw_palette_blend_merge_tool; draw_mk2_smart_palette_grouper; draw_selected_palette_swatches; build_blended_palette; apply_palette_blend_tool; apply_palette_union_merge_tool; object_palette_for_image; group_bpp_color_index; set_left_panel_default; draw_editor_texture_transparent; draw_editor_texture_transparent_uv; draw_layer_role_hint; path_join; stage_file_exists; stage_dirname; ensure_dir_recursive; bddtool_backup_dir; bddtool_backup_path; run_command_capture; clear_preview_image_file_texture; draw_preview_image_file; resolve_stage_file; stage_append; stage_append_arg; json_write_string; json_get_string_value; json_get_int_value; json_get_float_value; json_get_bool_value; json_get_object_value; draw_path_field; draw_mk2_finish_line_gate; draw_mk2_integration_summary; draw_mk2_mame_preview_tool; draw_mk2_one_click_validation_run; draw_mk2_patch_recipe_import_tool; draw_mk2_runtime_preview_tool; draw_mk2_stage_handoff_exports; draw_mk2_preview_diff_tool; draw_mk2_stage_preview_dashboard; draw_mk2_project_seed_tools; draw_mk2_load2_doctor_tool; draw_mk2_stage_start_camera_tool; draw_mk2_camera_bookmarks; draw_mk2_template_wizard_tool; draw_mk2_palette_builder_tool; draw_mk2_animation_planner_tool; draw_mk2_rom_space_budget_tool; draw_mk2_stage_readiness_gate; draw_mk2_rom_space_reclaim; draw_mk2_wedge_risk_tool; draw_mk2_pan_coverage_scanner; draw_mk2_duplicate_mirror_finder; draw_mk2_palette_usage_optimizer; draw_mk2_stage_repair_mode; draw_mk2_asset_explorer; draw_mk2_unused_asset_tools; draw_mk2_authoring_tools; draw_mk2_layer_stack_inspector; draw_mk2_auto_repair_suggestions; draw_mk2_palette_seam_detector; draw_mk2_uppercut_headroom_preview; draw_mk2_parallax_sanity_checker; draw_mk2_foreground_occlusion_preview; draw_mk2_mirrored_asset_tool; draw_mk2_transparency_advisor; draw_mk2_trim_transparent_border_tool; draw_mk2_palette_remap_compress_tool; draw_mk2_batch_image_cleanup_tool; draw_mk2_danger_palette_designer; draw_mk2_stage_fx_builder_tool; draw_mk2_import_workspace; draw_mk2_clustered_png_importer; draw_mk2_stage_layer_role_editor; draw_mk2_safe_dedup_assistant; mk2_import_workspace_apply; mk2_clustered_png_import_apply; stage_fx_strength_at_frame; stage_fx_build_snippet; stage_fx_generate_fade_palettes; stage_fx_layer_strength; open_new_mk2_project_from_template; apply_mk2_template_preset; stage_effective_preview_worldx; stage_start_apply_bgnd_patch; stage_start_apply_bgnd_start_placement; stage_start_apply_bgnd_ground; stage_start_apply_bgnd_limits; stage_bgnd_set_module_offset; stage_bgnd_set_module_parallax; stage_bgnd_reset_all_module_parallax; stage_bgnd_create_module_placement; stage_bgnd_sync_runtime_offsets_from_bdb; stage_bgnd_swap_module_baklst; stage_bgnd_move_module_draw_order; stage_bgnd_set_module_over_fighters; stage_bgnd_reset_foreground_to_module; stage_bgnd_set_bg_color; stage_bgnd_install_tower_high_clouds; stage_draft_bgnd_path; stage_create_draft_bgnd; stage_promote_draft_to_bgnd; stage_promote_draft_parallax_to_bgnd; bdd_invalidate_stage_module_cache; mk2_preview_diff_use_source_and_rom; mk2_preview_diff_use_composite_and_rom; mk2_preview_diff_use_rom_and_mame; mk2_include_object_in_nearest_module; active_image_index; image_use_count; first_unused_image_index; mk2_max_object_order; mk2_find_first_fit_for_image; mk2_find_center_fit_for_image; mk2_enable_unused_asset; mk2_add_object_for_image; object_module_index; object_pixel_at_world; object_pixel_at_screen; image_pixels_match; image_is_imported_asset; next_free_image_index; chop_image_to_map; mk2_scroll_factor_for_layer; welcome_visible; draw_welcome; doc_save; doc_restore; doc_add; doc_close; editor_canvas_top_y; gv_scroll_factor; gv_object_origin; img_anim_offset_x; img_anim_offset_y; module_collect_stats; module_select_objects; module_center_view; mk2_first_unassigned_object; mk2_select_unassigned_objects; mk2_isolate_unassigned_objects; mk2_include_unassigned_objects_in_modules; mk2_delete_unassigned_objects; mk2_toast_outside_delete_result; mk2_fit_module_bounds_to_objects; mk2_sort_objects_x_major; mk2_diag_hard_issues; mk2_diag_cautions; mk2_collect_diag; mk2_runtime_integrity_summary; mk2_stage_is_in_active_lod; mk2_create_default_module; mk2_screen_band_coverage; mk2_select_visible_objects_at_camera; mk2_select_visible_objects_at_camera_layer; mk2_visible_object_counts_by_layer_at_camera; mk2_select_objects_by_image; mk2_disable_selected_assets_keep_images; find_first_duplicate_pair; apply_safe_dedup; mk2_workflow_show_check_section; mk2_workflow_show_optimize_section; draw_mk2_play_readiness_checklist; mk2_bpp_for_image; mk2_bpp_for_max_index; mk2_append_budget_relief_report; draw_mk2_budget_relief_suggestions; mk2_has_drawable_stage; mk2_readiness_report; stage_write_config; stage_load_config; stage_use_current_project; stage_build_command; stage_copy_command; stage_run_command; stage_open_generated_bdb; stage_write_package_manifest; stage_write_patch_recipe; stage_import_patch_recipe; request_unsaved_action; create_checker_test_level; create_bg_proof_level; save_all_dirty_documents; has_unsaved_work; clear_unsaved_action; execute_unsaved_action; open_stage_path_now; draw_unsaved_action_prompt; file_dialog_open; import_png; import_img_file; import_img_file_filtered; open_img_import_picker; draw_img_import_picker; img_label_exists_ci; folder_dialog_open; batch_import_img; import_lod_file; batch_import_png; export_composite_png; export_viewport_png; export_mk2_assembly; export_image_tga; export_image_png; export_sprite_sheet_png; draw_verify; open_mk2_simple_level_dialog; draw_mk2_simple_level_dialog; create_mk2_simple_four_image_level; mk2_palette_sync_request_prompt; mk2_palette_sync_auto_apply_if_ready; mk2_bgndpal_compact; draw_mk2_palette_sync_prompt; mk2_lod_stale_check_after_save; draw_mk2_lod_stale_warning; save_all_project; file_dialog_save; file_dialog_save_ext; set_project_save_paths_from_any; project_save_location_is_set; prompt_for_project_save_location; ensure_bdb_header_for_save; stage_export_bundle; draw_quit_dialog; draw_empty_canvas_hint; draw_canvas_scrollbars; draw_status; draw_img_idx_edit; draw_tile_preview; mk2_layer_preset_count; mk2_layer_preset_wx; tile_fill_apply; draw_tile_fill; draw_mk2_quick_tile_tools; draw_mk2_level_start_helper_tool; draw_mk2_stage_kit_controls; draw_mk2_runtime_extras_tool; tower_runtime_guide_count; tower_runtime_guides_init_once; runtime_guides_clear_session; mk2_current_stage_is_battle; mk2_current_stage_has_known_runtime_extras; mk2_runtime_autoload_stage_recipe; mk2_find_sibling_data_file; import_runtime_lod_sources_for_active_guides; import_runtime_lod_source_labels; delete_all_runtime_guide_objects; delete_runtime_guide_images_and_objects; hide_all_runtime_guides_for_session; mk2_bake_runtime_guides_to_bdb; mk2_copy_selected_runtime_recipe; find_img_by_label_casefold; runtime_guide_visual_rect; object_matches_runtime_guide; runtime_guide_existing_object_count; runtime_guide_existing_object_for_index; sync_runtime_guide_object_placement; select_runtime_guide_objects; delete_runtime_guide_objects; hide_runtime_guide_for_session; draw_mk2_runtime_extras_overlay; draw_game_view_overlay; draw_game_view_controls; open_quick_size_audit; draw_quick_size_audit_window; draw_world_context_overlay; draw_world_object_overlays; run_auto_save_tick; derive_stage_pair_paths; lod_tag_imported_range; runtime_actor_preview_imports_loaded; runtime_actor_image_is_preview_import; runtime_actor_mark_preview_import_range; draw_mk2_workflow; draw_preferences; copy_selected_objects_to_clipboard; delete_object_targets_preserve_order; mk2_delete_object_preserve_order; paste_clipboard_objects; flip_object_targets_mirrored; selected_count; delete_unused_images_impl; delete_image_slot_if_unused; image_passes_list_filter; collect_matching_imported_images; select_matching_imported_image_uses; delete_matching_imported_images_and_uses; mk2_set_image_as_static_background; reimport_image; active_object_index; open_object_properties; obj_properties_take_focus_request; edit_block_for_object; open_sprite_resize; open_group_sprite_resize; draw_sprite_resize_dialog; open_split_object_dialog; draw_split_object_dialog; split_object_at_tile_size; draw_mk2_selected_bpp_reducer_tool; draw_group_bpp_reducer_panel; toggle_object_selection; hide_unselected_objects; show_all_objects; move_object_to_index; center_view_on_object; export_object_image_png_dialog; duplicate_object_menu_targets; delete_object_menu_targets; flip_object_menu_targets; reorder_object_menu_targets; select_all_with_image_ii; select_all_in_layer_byte; wrap_selected_objects_in_region; create_module_from_selection; assign_layer_to_object_targets; assign_palette_to_object_targets; assign_module_to_object_targets; active_menu_image_index; add_image_to_view_center; draw_block_editor; draw_module_bounds_overlay; draw_alignment_doctor_overlay; draw_world_game_rect; stage_overview_is_open; toggle_stage_overview; poll_stage_overview_result; draw_stage_overview; draw_grid_settings; draw_bg_picker; route_to_game_preview_screen; fit_game_preview_zoom_to_window; focus_editor_on_game_preview_screen; pal_animation_enabled; pal_animation_step; draw_pal_anim_panel; draw_minimap_contents; draw_layers_contents; draw_modules_summary_contents; draw_modules_create_contents; draw_modules_edit_contents; draw_modules_runtime_contents; draw_obj_list_contents; draw_image_list_assets_contents; draw_image_list_tools_contents; draw_undo_history; draw_debug_info; draw_mk2_small_artifact_finder; open_mk2_tool; zoom_to_fit; zoom_to_selection; settings_save; settings_load; settings_load_runtime_autoload_pref_once; draw_help; draw_about; draw_ref_settings; draw_obj_properties_contents; draw_palette_colors_contents; draw_palette_slots_contents; draw_palette_tools_contents; palette_tools_frame_tick,93ab6351b5e0284c5d7d811c66fc42efa4700a2b3b8ccf6b9f3cbe3dfa25814d
platform/libs/stb_image.h,yes,291003,7988,Vendored dependency,Inventory only,Preserve upstream boundary,,stdio.h; stdlib.h; stdarg.h; stddef.h; stdlib.h; string.h; limits.h; math.h; stdio.h; assert.h; stdint.h; emmintrin.h; intrin.h; arm_neon.h,stbi__cpuid3; stbi__cpuid3; stbi__sse2_available; stbi__sse2_available; stbi__refill_buffer; stbi__start_mem; stbi__start_callbacks; stbi__stdio_read; stbi__stdio_skip; stbi__stdio_eof; stbi__start_file; stbi__rewind; stbi__jpeg_test; stbi__jpeg_info; stbi__png_test; stbi__png_info; stbi__png_is16; stbi__bmp_test; stbi__bmp_info; stbi__tga_test; stbi__tga_info; stbi__psd_test; stbi__psd_info; stbi__psd_is16; stbi__hdr_test; stbi__hdr_info; stbi__pic_test; stbi__pic_info; stbi__gif_test; stbi__gif_info; stbi__pnm_test; stbi__pnm_info; stbi__pnm_is16; stbi__err; stbi__addsizes_valid; stbi__mul2sizes_valid; stbi__mad2sizes_valid; stbi__mad3sizes_valid; stbi__mad4sizes_valid; stbi__addints_valid; stbi__mul2shorts_valid; stbi__vertical_flip; stbi__vertical_flip_slices; stbi__float_postprocess; stbi__refill_buffer; stbi__skip; stbi__getn; stbi__get16be; stbi__get16le; stbi__build_huffman; stbi__build_fast_ac; stbi__grow_buffer_unsafe; stbi__jpeg_decode_block; stbi__jpeg_decode_block_prog_dc; stbi__jpeg_decode_block_prog_ac; stbi__idct_block; stbi__idct_simd; stbi__idct_simd; stbi__jpeg_reset; stbi__parse_entropy_coded_data; stbi__jpeg_dequantize; stbi__jpeg_finish; stbi__process_marker; stbi__process_scan_header; stbi__free_jpeg_components; stbi__process_frame_header; stbi__decode_jpeg_header; stbi__decode_jpeg_image; stbi__YCbCr_to_RGB_row; stbi__YCbCr_to_RGB_simd; stbi__setup_jpeg; stbi__cleanup_jpeg; stbi__jpeg_test; stbi__jpeg_info_raw; stbi__jpeg_info; stbi__zbuild_huffman; stbi__fill_bits; stbi__zhuffman_decode_slowpath; stbi__zexpand; stbi__parse_huffman_block; stbi__compute_huffman_codes; stbi__parse_uncompressed_block; stbi__parse_zlib_header; stbi__parse_zlib; stbi__do_zlib; stbi__check_png_header; stbi__paeth; stbi__create_png_alpha_expand8; stbi__create_png_image_raw; stbi__create_png_image; stbi__compute_transparency; stbi__compute_transparency16; stbi__expand_png_palette; stbi__de_iphone; stbi__parse_png_file; stbi__png_test; stbi__png_info_raw; stbi__png_info; stbi__png_is16; stbi__bmp_test_raw; stbi__bmp_test; stbi__high_bit; stbi__bitcount; stbi__shiftsigned; stbi__bmp_set_mask_defaults; stbi__tga_get_comp; stbi__tga_info; stbi__tga_test; stbi__tga_read_rgb16; stbi__psd_test; stbi__psd_decode_rle; stbi__pic_is4; stbi__pic_test_core; stbi__copyval; stbi__pic_test; stbi__gif_test_raw; stbi__gif_test; stbi__gif_parse_colortable; stbi__gif_header; stbi__gif_info_raw; stbi__out_gif_code; stbi__gif_info; stbi__hdr_test_core; stbi__hdr_test; stbi__hdr_convert; stbi__hdr_info; stbi__bmp_info; stbi__psd_info; stbi__psd_is16; stbi__pic_info; stbi__pnm_test; stbi__pnm_isspace; stbi__pnm_skip_whitespace; stbi__pnm_isdigit; stbi__pnm_getinteger; stbi__pnm_info; stbi__pnm_is16; stbi__info_main; stbi__is_16_main,59c85bef0316e0c93afc95c57faec35a5c49b97cd1fe69c614bde0d63dd24768
platform/libs/stb_image_write.h,yes,71221,1724,Vendored dependency,Inventory only,Preserve upstream boundary,,stdlib.h; stdio.h; stdarg.h; stdlib.h; string.h; math.h; assert.h,stbi_write_png; stbi_write_bmp; stbi_write_tga; stbi_write_jpg; stbi_write_hdr; stbi_flip_vertically_on_write; stbi_write_png_to_func; stbi_write_bmp_to_func; stbi_write_tga_to_func; stbi_write_hdr_to_func; stbi_write_jpg_to_func; stbi_write_func; stbi__start_write_callbacks; stbi__stdio_write; stbi__start_write_file; stbi__end_write_file; stbiw__writefv; stbiw__writef; stbiw__write_flush; stbiw__putc; stbiw__write1; stbiw__write3; stbiw__write_pixel; stbiw__write_pixels; stbiw__outfile; stbi_write_bmp_core; stbi_write_tga_core; stbiw__linear_to_rgbe; stbiw__write_run_data; stbiw__write_dump_data; stbiw__write_hdr_scanline; stbi_write_hdr_core; stbiw__zlib_bitrev; stbiw__wpcrc; stbiw__encode_png_line; stbiw__jpg_writeBits; stbiw__jpg_DCT; stbiw__jpg_calcBits; stbiw__jpg_processDU; stbi_write_jpg_core,cbd5f0ad7a9cf4468affb36354a1d2338034f2c12473cf1a8e32053cb6914a05
platform/libs/stb_impl.cpp,yes,140,5,Vendored dependency,Inventory only,Preserve upstream boundary,,libs/stb_image_write.h; libs/stb_image.h,,0c0fc21eac7cd354b651dc6fa412f67622fa8b53be9b65f9f262c81d469b7bf1
platform/undo_manager.cpp,yes,37937,1122,Application/support,Detailed relevant sections inspected,Review within document/command migration,,undo_manager.h; Core/editor_project_storage.h; Core/project_snapshot.h; stdlib.h; string.h; stdio.h,undo_free_object_positions; undo_free_object_records; undo_free_module_lines; undo_free_image_pixels; undo_release_storage; undo_capture_snapshot; undo_copy_object_positions; undo_copy_object_records; undo_copy_module_lines; undo_copy_palette_slot; undo_copy_image_index; undo_copy_image_pixels; undo_find_image_slot; undo_apply_object_positions; undo_apply_object_records; undo_apply_module_lines; undo_apply_palette_slot; undo_apply_image_index; undo_apply_image_pixels; undo_apply; undo_manager_init; undo_manager_shutdown; undo_save; undo_save_object_position_delta_for_mask; undo_save_object_position_delta_for_selection; undo_save_object_record_delta_for_mask; undo_save_module_line_delta_for_mask; undo_save_palette_slot_delta; undo_save_image_index_delta; undo_save_image_pixels_delta; undo_save_ex; undo_set_action_label; undo_restore; redo_restore; undo_is_available; redo_is_available; undo_get_count; undo_get_history_objects_count; undo_get_history_images_count; checkpoint_is_used; checkpoint_save; checkpoint_restore; checkpoint_delete,827f1fde2540ca93db03c49daa850171eaf54876f4c9e695ba266b7a66ffb177
platform/undo_manager.h,yes,2853,71,Application/support,Detailed relevant sections inspected,Review within document/command migration,,Core/bdd_format.h; stdbool.h,undo_manager_init; undo_manager_shutdown; undo_save; undo_save_object_position_delta_for_mask; undo_save_object_position_delta_for_selection; undo_save_object_record_delta_for_mask; undo_save_module_line_delta_for_mask; undo_save_palette_slot_delta; undo_save_image_index_delta; undo_save_image_pixels_delta; undo_restore; redo_restore; undo_save_ex; undo_set_action_label; undo_is_available; redo_is_available; undo_get_count; undo_get_history_objects_count; undo_get_history_images_count; checkpoint_is_used; checkpoint_save; checkpoint_restore; checkpoint_delete,161ad8d8681882ff628c09151df5c221cb6d06604eda3892477f0639b3c03a03
platform/utils/compat.h,yes,2495,87,Application/support,Inventory and text index,Review within document/command migration,,,,07406176c8743e02c1106b7276730b0651495ebdc455cc2aaca31780d377ce99
reference/README.txt,yes,536,12,Repository configuration/documentation,Inventory and text index,Maintain as appropriate,,,,1ad74625a8d7fecdec4b9ede7064974f60d0b25aec8811d24c21faf8226f0e8a
reference/stages/README.txt,yes,353,9,Repository configuration/documentation,Inventory and text index,Maintain as appropriate,,,,d5b2592f60b9bb344f4b59e56ebe73e037190aa0e6f561179e68e76e23f73f45
screenshot.jpg,yes,452115,,Media/dependency asset,Visual inspection,Preserve; not application logic,,,,86fe9d219dd335baa5c057f979ed868211c2e5c24add219faf61837c476c054b
stage_proc.md,no (local/ignored),1607,12,Repository configuration/documentation,Detailed relevant sections inspected,Maintain as appropriate,,,,37ad6159da6d457386b3d16129a042ac57af7dcfe7e107f32ffed6e94f91c83f
tools/add_tree2_to_forest2.py,no (local/ignored),11630,338,Targeted imports and workarounds,Inventory and text index,Retain selectively as service or specialist tool,"Import TREE2 from TREES.IMG into MK2 FOREST2.BDB/BDD. This is intentionally narrow: it adds the smaller Living Forest tree sprite, keeps the source colors intact, reserves BDD index 0 for transparency, and forces one visible pixel to a duplicate high palette index so LOAD2 picks the 8bpp/high-color path for the new image.",__future__; argparse; shutil; struct; dataclasses; pathlib,BddImage; BddPalette; raw_name; read_line; parse_bdd; write_bdd; decode_img_pixels; load_tree2_from_img; force_single_high_pixel; parse_bdb; write_bdb; append_meta; make_backup; main,ae6346f1a0781758c27877e647681ed9f90b40b5be644004174d6618c75171fe
tools/analyze_mk2_backgrounds.py,no (local/ignored),11021,294,Background/ROM analysis,Inventory and text index,Retain selectively as service or specialist tool,Summarize stock MK2 BDB/BDD background palette and tile usage.,__future__; argparse; math; struct; collections; pathlib,read_line; load_bdd; load_bdb; bits_for_index; module_blocks; peak_onscreen; runtime_stats; analyze_pair; markdown_table; main,f3d797d4cb7f0ab11b60168c8ab5ad385b2eccb68ddb755c8dc0d25acaa405b4
tools/analyze_mk2_space.py,no (local/ignored),7957,237,Background/ROM analysis,Inventory and text index,Retain selectively as service or specialist tool,Report MK2 program/video ROM space and useful free gaps.,__future__; argparse; re; struct; dataclasses; pathlib,Range; fmt; read_irw; normalize_bank; video_offset; offset_to_load_base; stock_runtime_base; align_up; subtract_ranges; merge_ranges; irw_ranges; ff_runs; collect_bgnd_addresses; collision_count; print_video; print_program; main,ef9992862ed22c77f5b893fd8e8d93362b5f65bc7df32c1bb03c74835bbe1eed
tools/automate_bgproof_mk2.py,no (local/ignored),19198,511,Stage orchestration,Inventory and text index,Separate generic adapter from stage recipes,"Run the BGPROF MK2 proof pipeline without launching MAME. Two modes are intentionally separate: quick Rebuild video ROM/debug artifacts from the current mk2-main outputs and run validators. This catches stale video_flat/chip data after LOAD2 changed. full Generate/copy BGPROF source, write ORNGBL.LOD at the selected base address, run LOAD2 through mk2-main/build.py, promote generated tables, rebuild the program, rebuild video ROM/debug artifacts, and validate everything.",__future__; argparse; json; os; re; shutil; subprocess; sys; time; dataclasses; datetime; pathlib,PipelineError; RunContext; int_auto; now_text; command_text; write_latest; run_cmd; find_bddview; current_lod_base; backup_files; write_orngbl_lod; ensure_bgprof_source; validate_source; validate_mk2; render_bgproof; render_bgproof_rom_zip; render_vs_control; package_rom_zip_no_install; force_promoted_table_rebuild; run_quick; run_full; run_once; parse_args; main,89894b0c00fa6305ad6e2f1e98a15823aff9b7acba12d5b5856166a31c3ba373
tools/build_layered_portal_level.py,no (local/ignored),10143,260,Asset preparation and builders,Inventory and text index,Extract general algorithms; keep compositions as recipes,"Build a layered portal BDB/BDD from pre-separated runtime PNG layers. Unlike build_umk3_level.py, this uses the photo-proof nearest-palette encoder. That makes it suitable for generated/JPEG-derived art with many unique colors while still keeping the runtime layer layout used by the MK2 hook.",__future__; argparse; math; collections; pathlib; build_photo_portal_level; build_umk3_level,clamp; sample_nearest; rotate_portal_ellipse; build_bg_frames; centered_on_transparent; add_pan_anchors; main,599fb3d9530b46204680ff23503de18f725d02425ede48ca3bb666ecabf7de5b
tools/build_photo_portal_level.py,no (local/ignored),29907,761,Asset preparation and builders,Inventory and text index,Extract general algorithms; keep compositions as recipes,"Build a BGPROF replacement level from a cinematic portal reference PNG. This script intentionally avoids Pillow/OpenCV so it can run in the current tooling environment. Use headless Chrome (or any external converter) to turn the provided WebP/JPEG into a PNG first, then this builder trims, cleans, layers, quantizes, and emits BDB/BDD files for the proven ORNGBL path.",__future__; argparse; math; struct; collections; dataclasses; pathlib; build_umk3_level,RuntimeLayer; clamp; brightness; trim_border; crop; sample_bilinear; resize; resize_cover; add_mask_rect; fighter_mask; temple_shape_mask; fill_mask_by_rows; blur_soft; build_portal_bg; build_temple_overlay; build_floor; extract_tiles; tile_palette_group; quantize_counter; dist2; build_palettes; encode_tile_pixels_nearest; write_bdd; dedupe_tile_images; write_bdb; draw_preview; main,881db2cbda3c46041a7c8bc8ecc59e7142bb84a89bad102891baa19b05f73a63
tools/build_portal_asset_kit.py,no (local/ignored),14469,341,Asset preparation and builders,Inventory and text index,Extract general algorithms; keep compositions as recipes,"Build separated portal-stage art artifacts from the clean source pieces. This is intentionally a light-weight prep step: it normalizes the source cutouts, creates runtime-sized layer images, and emits a preview composite. The actual MK2 BDB/BDD packing can then use these layer PNGs directly.",__future__; argparse; shutil; struct; pathlib; typing; build_umk3_level,transparent; paste; crop; resize_nearest; chroma_key; extract_portal_stage_floor; extend_top; write_copy; decode_tga; copy_png_sources; main,22021e651f8522adbfe739656076a99942c69ee3f44ca5634caba397f632dca9
tools/build_portal_overlay_level.py,no (local/ignored),39128,1034,Asset preparation and builders,Inventory and text index,Extract general algorithms; keep compositions as recipes,Build BGPROF with a static portal plus tiny animated energy overlays. This is the low-video-cost alternative to full bitmap portal rotation. The static portal remains TSTBG. TSTO0..TSTO2 are sparse transparent planes with a few bright vortex streaks that the MK2 hook can show/hide in a loop.,__future__; argparse; math; collections; pathlib; build_photo_portal_level; build_umk3_level,clamp; mix_channel; boost_cyan; draw_streak_cell; build_overlay_frame; image_to_pil; pil_to_image; rotate_overlay_source; center_square; has_meaningful_alpha; key_bright_overlay; prepare_movie_overlay_source; build_image_overlay_frame; place_overlay_source; build_movie_overlay_frame; centered_on_transparent; add_pan_anchors; flip_h; left_half; mirrored_bg_source; scale_to_height; blue_tint_architecture; paste_alpha; transparent_canvas; mask_alpha_outside_y; build_perspective_layers; main,f81800bac10994f7773dab1365a5695069db51822a65e87be969f49858a8586c
tools/build_portal_sprite_stage.py,no (local/ignored),18570,458,Asset preparation and builders,Inventory and text index,Extract general algorithms; keep compositions as recipes,Build the BGPROF portal stage from separated portal/temple/rail/floor sprites.,__future__; argparse; random; collections; pathlib; build_photo_portal_level; build_umk3_level,transparent; paste; hflip; add_pan_anchors; clamp8; quantize_channel; blue_grade; rgb555_rgb; dist2; edge_dominant_mask; fill_edge_dominant_color; stretch_floor_rows; opaque_samples; match_piece; assemble_temple_source; floor_runtime; centered_runtime; main,f0f66e68601ac5b24ff4d0fbaac2c21c66b3b33d71efb76a15c8eac88de255d4
tools/build_umk3_level.py,no (local/ignored),20744,548,Asset preparation and builders,Inventory and text index,Extract general algorithms; keep compositions as recipes,Build a high-fidelity layered UMK3-style test level BDB/BDD. The source art already has a small color footprint. This builder keeps every tile exact after RGB555 palette conversion by assigning each tile to a local palette bank whose visible color set fits the Midway background format.,__future__; argparse; math; struct; zlib; collections; dataclasses; pathlib,Image; Layer; Tile; PaletteBin; paeth; read_png; png_chunk; write_png; rgb555_rgb; rgb555_word; alpha_over; compose; quantized_copy; extract_tiles; cluster_tiles; build_palette_entries; encode_tile_pixels; write_bdd; write_bdb; draw_indexed_viewport; diff_images; main,ed430d537e111803926d03322a1fc7a15189fa7d3c9f70fac431381685f36a6f
tools/capture_mame_fight_screenshot.py,no (local/ignored),10332,280,Emulator and validation,Inventory and text index,Retain selectively as service or specialist tool,"Launch MAME, enter an MK2 fight, and capture a real MAME screenshot. This is the live-render gate for custom stages. It intentionally uses MAME's own F12 snapshot path so the output is the emulated framebuffer with HUD and fighters, not just an offline ROM decode.",__future__; argparse; ctypes; ctypes; os; pathlib; subprocess; sys; time,KEYBDINPUT; INPUTUNION; INPUT; send_vk; foreground_window_for_pid; pngs; newest; drive_default_sequence; drive_fastboot_sequence; main,8d9a568b27ee247e325c66651e3422b8eb9b68e8039988ccef5ddd78cd8806db
tools/check_mame_screenshot.py,no (local/ignored),10058,279,Emulator and validation,Inventory and text index,Retain selectively as service or specialist tool,Compare a MAME screenshot against an expected background render. This is intentionally dependency-free so it can run in the same environment as the other MK2 proof tools. It supports the 8-bit RGB/RGBA/indexed PNGs produced by Windows screenshots and the local render scripts.,__future__; argparse; math; struct; zlib; pathlib,paeth; read_png; png_chunk; write_png; detect_content_crop; parse_crop; parse_rect; scale_nearest; masked; compare; main,5eece767949b2f59ed48566d0f94906f5badd4afe8d464a93492efd9d4fe79f5
tools/clear_outer_haven_space.py,no (local/ignored),8733,274,Promotion and game patching,Inventory and text index,Optional external-workspace adapter; not everyday authoring,"Relayout the MK2 bank-0 tail so Outer Haven owns the large KFPITPL gap. The current bank-0 tail has a large free range after KFPITPL, but CASTLEP and RDMOVE sit near the end of that range while ORNGBL/Outer Haven lives earlier. This moves the two small wrappers into the small pre-ORNGBL gap, then moves ORNGBL to the aligned tail slot after KFPITPL: CASTLEP physical 0x75F000 / LOAD2 0x05AF8000 RDMOVE physical 0x763800 / LOAD2 0x05B1C000 ORNGBL/BGPROF physical 0x7C3000 / LOAD2 0x05E18000 That gives ORNGBL a contiguous tail capacity of 249,856 bytes, using the otherwise stranded ~196 KB gap after KFPITPL and the small former CASTLEP/RDMOVE tail slots.",__future__; argparse; re; shutil; datetime; pathlib,load_from_phys; load_text; backup; replace_once; patch_lod_load; patch_orngbl_lod; patch_castlep_lod; patch_rdmove_lod; patch_imgbuild; patch_validate_orngbl; disable_ohport_payload; clean_stale_objects; payload_size; main,2a94cd54c578572020f6f1750607853208fdfb2a72bf42ae91c8f3e364ce006b
tools/convert_png_to_indexed8.py,no (local/ignored),2902,88,Asset preparation and builders,Inventory and text index,Extract general algorithms; keep compositions as recipes,Convert RGBA/RGB PNGs to indexed PNG8 with index 0 reserved for alpha.,__future__; argparse; pathlib; PIL,convert; main,1fe7bd962e9bc25fc288a277fb63dcb95493567d80a4379f6ccad2be55112dd8
tools/disable_ohport_revx_runtime.py,no (local/ignored),988,38,Promotion and game patching,Inventory and text index,Optional external-workspace adapter; not everyday authoring,Disable the unsafe OHPORT movie_run stage hook while keeping REVX assets built.,__future__; argparse; shutil; pathlib,backup; main,f1fda71aab16ebb73a1ffe02aa9f169c4408f9c132064683c7234995432dfbac
tools/extract_portal_sheet_assets.py,no (local/ignored),25958,558,Asset preparation and builders,Inventory and text index,Extract general algorithms; keep compositions as recipes,"Extract portal-stage layer art from the May 08 guide sheet. Input is expected to be a PNG conversion of the JPG guide sheet. On Windows: $src = ""$HOME\Downloads\Generated Image May 08, 2026 - 5_58PM.jpg"" $out = "".\tmp\portal_sheet_20260508.png"" Add-Type -AssemblyName System.Drawing $img = [System.Drawing.Image]::FromFile($src) $img.Save($out, [System.Drawing.Imaging.ImageFormat]::Png) $img.Dispose() The extractor keeps the full separated artifacts and also prepares MK2-sized runtime layers for the background proof workflow.",__future__; argparse; pathlib; build_umk3_level,transparent; crop; crop_blue_content; resize_nearest; resize_cover_crop; paste; chroma_key_gray; chroma_key_white; posterize_channels; tone_image; trim_alpha; extend_top; build_white_1807; main,93a158a97bad92b03e24faf7082fee6615955f7f2dc395fcdf0c435026de2d15
tools/fix_mk2_set_equate_format.py,no (local/ignored),1986,57,Promotion and game patching,Inventory and text index,Optional external-workspace adapter; not everyday authoring,Patch mk2-main promote_tbls.py to keep TI hex equates assembler-safe.,__future__; argparse; pathlib,main,f4a5a4a7a3f876d5ccc64489c55b051a100836f966c611f60c5eea0a93bc7db7
tools/force_bdd_8bpp.py,no (local/ignored),16447,435,Targeted imports and workarounds,Inventory and text index,Retain selectively as service or specialist tool,Force generated BDD image records to carry an 8bpp/high-index pixel. LOAD2 chooses the packed bit depth from the highest palette index used by an image. Photo stages can have a few sparse tiles that are visually part of an 8bpp stage but only use low indexes after quantization. This post-pass remaps one visible pixel per low image to a high palette slot with the same RGB555 color when possible.,__future__; argparse; struct; collections; pathlib,parse_bdb; assign_object_modules; parse_bdb_image_palettes; parse_bdd; write_bdb; rgb555_dist2; nearest_color_index; choose_high_index; force_8bpp; parse_module_limit; limit_modules_to_max_index; write_bdd; main,cb03e372d51e51355653a2222f70e1e0f253803065f89b082d1f2a0f5aa4fe62
tools/import_mkouter_img_to_bgprof.py,no (local/ignored),15796,469,Targeted imports and workarounds,Inventory and text index,Retain selectively as service or specialist tool,"Import MKOUTER.IMG temple/pillar art into a BGPROF BDB/BDD pair. The IMG frames are kept as indexed pixels with their original palette, then split into LOAD2-safe BDD tiles. This avoids the oversized-background-image case while preserving the source colors exactly.",__future__; argparse; re; struct; dataclasses; pathlib,BddImage; BddPalette; BdbObject; ImgFrame; raw_name; asm_name; read_line; parse_bdd; write_bdd; parse_bdb; write_bdb; decode_img_pixels; load_img; module_index; ensure_module; next_image_index; append_frame_tiles; parse_int; main,4346938d57f427a63423eed6e8950d69f464589fb2339f97b5df94fdd22e9d0e
tools/legacy/build_portal_mock_level.py,no (local/ignored),24303,618,Asset preparation and builders,Inventory and text index,Extract general algorithms; keep compositions as recipes,Build a 4bpp-friendly BDB/BDD mock level from portal/temple/floor PNGs. This intentionally avoids third-party image libraries so it can run in the current tool workspace. It supports the PNG forms used by the provided assets: 8-bit indexed and 32-bit RGBA.,__future__; argparse; math; struct; zlib; collections; dataclasses; pathlib,Image; Layer; paeth; read_png; rgba_at; alpha_over; compose; color_box; median_cut_palette; nearest_color; quantize_image; rgb555; png_chunk; write_png; draw_indexed; make_tiles; make_tiles_per_layer_palette; write_bdb; write_bdd; crop_viewport; main,95f818939016585df5fc2f64af97bb709a97e17010211b4af0d3ab417d616e1a
tools/legacy/promote_umk3_layered_test.py,no (local/ignored),6836,201,Promotion and game patching,Inventory and text index,Optional external-workspace adapter; not everyday authoring,Promote the layered UMK3 BGPROF test into mk2-main.,__future__; argparse; re; pathlib,required_globals; last_label_start; generated_table_tail; generated_palette_tail; replace_table_tail; replace_palette_tail; ensure_globals; patch_bgnd; main,ca4716ae8dc7a1c791a13264f2c53d65b2ba97d55a92c9776bf70cbe6c2c01b7
tools/make_icon.py,no (local/ignored),498,19,Icon generator,Inventory and text index,Retain selectively as service or specialist tool,"Generate bddview.ico from appicon.png Sizes: 256, 48, 32, 16",PIL; os,main,745e8d53c1286cfd1c86a0cf595631564641b56e3260a42f2f797f9d989253d1
tools/mame/README.txt,no (local/ignored),3794,79,Repository configuration/documentation,Inventory and text index,Maintain as appropriate,,,,ffda1934b0c28e5454e6f0a46ac6da37fefb7a48ce7cb0bc07a88703d6442eed
tools/mame/mk2_capture_coin_page.lua,no (local/ignored),1600,60,MAME local experiment,Inventory and text index,Versioned optional verification adapter or historical reference,"Stage/build-specific memory, capture, or input helper",,,b62c9a98e813bda05dffd7af6b84053a67baf3ee41ba8a2d1409b863af79a745
tools/mame/mk2_capture_midway_presents.lua,no (local/ignored),4181,158,MAME local experiment,Inventory and text index,Versioned optional verification adapter or historical reference,"Stage/build-specific memory, capture, or input helper",,,c371b1c67c09989ad428069395a8dabffa39aea6546716b42e3dcf784e2ae634
tools/mame/mk2_capture_outer_haven_visual.lua,no (local/ignored),3522,148,MAME local experiment,Inventory and text index,Versioned optional verification adapter or historical reference,"Stage/build-specific memory, capture, or input helper",,,acd1a3ada7160ebdbcdf3d67596126f2ecd2eb152e7d29878b9718acf98e7428
tools/mame/mk2_drive_first_match.lua,no (local/ignored),11750,447,MAME local experiment,Inventory and text index,Versioned optional verification adapter or historical reference,"Stage/build-specific memory, capture, or input helper",,,305ced037cdb254918b308486627a75b41fd5c2797c4ac0271e7249cb2867597
tools/mame/mk2_drive_first_match_neutral.lua,no (local/ignored),3020,123,MAME local experiment,Inventory and text index,Versioned optional verification adapter or historical reference,"Stage/build-specific memory, capture, or input helper",,,d0f0517594c0b398253828e99dce746dc3189adfd0b287f39f3b65f347d05c5c
tools/mame/mk2_drive_outer_haven_fatality.lua,no (local/ignored),8142,328,MAME local experiment,Inventory and text index,Versioned optional verification adapter or historical reference,"Stage/build-specific memory, capture, or input helper",,,b0069a52d21006521ba476bd82756c1b2bfc661ccde8cb75ad12ce214d782fa7
tools/mame/mk2_drive_outer_haven_fatality_debug.lua,no (local/ignored),7649,302,MAME local experiment,Inventory and text index,Versioned optional verification adapter or historical reference,"Stage/build-specific memory, capture, or input helper",,,7dc1b6f2675a689a495dc3fdc727d63ff5449102615f03d1bbc7f68e80f4893f
tools/mame/mk2_drive_outer_haven_fatality_dump.lua,no (local/ignored),15795,596,MAME local experiment,Inventory and text index,Versioned optional verification adapter or historical reference,"Stage/build-specific memory, capture, or input helper",,,c9b403edab71694118d2067816180a1dba6cefa201556da58c5a42608b70d4c2
tools/mame/mk2_dump_memory_regions.lua,no (local/ignored),1058,32,MAME local experiment,Inventory and text index,Versioned optional verification adapter or historical reference,"Stage/build-specific memory, capture, or input helper",,,7c8cffc0a99d6a691a4a70e58f06b597ca3800fd4248e689026863b06e499f8f
tools/mame/mk2_dump_ports.lua,no (local/ignored),579,24,MAME local experiment,Inventory and text index,Versioned optional verification adapter or historical reference,"Stage/build-specific memory, capture, or input helper",,,74805a9f068c0a3598bd45835d3c3c77f85067f001f3a38879558568989c1dc6
tools/mame/mk2_dump_screen_api.lua,no (local/ignored),500,22,MAME local experiment,Inventory and text index,Versioned optional verification adapter or historical reference,"Stage/build-specific memory, capture, or input helper",,,3049546250eac015eb2b611a73b0cc35855de38ab8ba0390f7f698a19ee4057c
tools/mame/mk2_probe_curback.lua,no (local/ignored),666,21,MAME local experiment,Inventory and text index,Versioned optional verification adapter or historical reference,"Stage/build-specific memory, capture, or input helper",,,11096742f7b3b64515787107e623ee5809c3de0e0b3a47ef7162fc16f4eea26d
tools/mame/mk2_probe_video_region.lua,no (local/ignored),826,32,MAME local experiment,Inventory and text index,Versioned optional verification adapter or historical reference,"Stage/build-specific memory, capture, or input helper",,,e7bd33ea9008c3ac1fd8153579706bbd6a999074173d8e0c3f246cb8d5316774
tools/mame/mk2_test_snapshot_api.lua,no (local/ignored),569,14,MAME local experiment,Inventory and text index,Versioned optional verification adapter or historical reference,"Stage/build-specific memory, capture, or input helper",,,75c5e7f86570a2a30640c0e24aec96f62c7bbbff6fefb53871b827a0aec33ae3
tools/mk2_movie_bin.py,no (local/ignored),6823,199,Movie encoder,Inventory and text index,Retain selectively as service or specialist tool,"Build a Midway/MK2 movie .BIN from PNG frames. This is a proof-oriented encoder: it writes valid movie headers, RGB555 palette data, tiny legal decode trees, and then stores every pixel as a literal. The output is larger than the original PKZIP/implode pipeline, but it is enough to prove REVX/movie playback without depending on the lost DOS tools.",__future__; argparse; struct; pathlib; PIL,parse_size; center_crop_square; rgb555_word; BitWriter; legal_one_symbol_tree; literal_stream; load_and_quantize_frames; write_movie_bin; write_lod; main,b1d203cd2b159a8e70082bc071df27f544048e2095da73828331b82f4fdc75ee
tools/mk2_stage_kit.py,no (local/ignored),60961,1486,Stage orchestration,Detailed relevant sections inspected,Separate generic adapter from stage recipes,Config-driven MK2/BGPROF stage kit workflow. This is the reusable form of the custom-stage path proven with Outer Haven: tracked source layers -> BDB/BDD -> LOAD2/MK2 promotion -> MAME package -> ROM-byte preview.,__future__; argparse; json; math; re; shutil; struct; subprocess; sys; pathlib; typing,resolve_path; rel; read_config; write_config; stage_path; stage_name; display_name; write_empty_stage_files; run; run_mk2_load2_bootstrap; clean_mk2_asm_outputs; external_oimg_config; patch_orngbl_lod_external_oimg; prepare_external_oimg; img_raw_name; read_img_palettes; format_palette_words; split_asm_values; normalize_oimg_table_records; patch_external_oimg_table_palette; external_oimg_promote_args; require_sources; run_img_import; _png_size; validate_source_shapes; _prepared_path; _needs_prepare; _needs_prepare_size; _needs_alpha_clean; _alpha_binarize; prepare_source_shapes; print_paths; rebuild; copy_to_mk2; patch_mk2_stage_name; promote; package; rom_preview; init_stage; add_config_arg; add_promote_args; main,3d46f3b498c7f55eb160533bdee71632e5e68e1840c9008d1be59c67a12876f1
tools/open_mode_smoke.py,no (local/ignored),3790,113,Regression/open/save,Detailed relevant sections inspected,Keep; promote reusable checks to tracked CI,Smoke-test bddview's headless open-mode decisions. This exercises the same BDD/BDB loading path used before SDL startup: - .BDB opens as stage-edit when the companion .BDD exists - .BDD opens as stage-edit when the companion .BDB exists - standalone .BDD opens as image-grid,__future__; argparse; os; re; shutil; subprocess; sys; pathlib,candidate_bddviews; find_bddview; run; parse_camera; parse_layout; main,b59e22b7dfd10ba61659ece1b7598788229e24aa593d2607181d243d550561c7
tools/outer_haven_stage.py,no (local/ignored),925,30,Stage orchestration,Inventory and text index,Separate generic adapter from stage recipes,Compatibility wrapper for a local ignored Outer Haven stage kit.,__future__; subprocess; sys; pathlib,main,ca3cfcb271c17294593a17267a3cd37a2cf97a98f9dba6d14715bfad7ba319a8
tools/patch_forest2_tree2_palette.py,no (local/ignored),6044,193,Targeted imports and workarounds,Inventory and text index,Retain selectively as service or specialist tool,Sync MK2's Living Forest runtime palette table from FOREST2.BDD.,__future__; argparse; re; struct; pathlib,read_line; read_bdd_palettes; asm_hex; asm_label; palette_block; section_end; find_label; replace_or_insert_palette; remove_stale_outputs; main,1b27c4f02156835328ad05d9fe819915dbfb167785f31edd7eec50b33295f8b2
tools/prepare_mkouter_oimg.py,no (local/ignored),4175,115,Targeted imports and workarounds,Inventory and text index,Retain selectively as service or specialist tool,"Create a LOAD2-safe copy of MKOUTER.IMG with unique symbol names. MK2 already has stock symbols such as TEMPLE, and generated OIMG tables are included directly in BGND.ASM. This helper only rewrites IMG/PAL directory names; the pixel and palette payloads are copied byte-for-byte.",__future__; argparse; struct; pathlib,raw_name; packed_name; parse_mapping; rewrite_names; main,8905d79a5b4b123308052bfb65440e6f751488c8d129467adf4021fd60a7c733
tools/promote_bgproof_to_mk2.py,no (local/ignored),5169,145,Promotion and game patching,Inventory and text index,Optional external-workspace adapter; not everyday authoring,Promote LOAD2's BGPROF proof output into a sibling mk2-main checkout.,__future__; argparse; re; pathlib,find_last_label; generated_table_tail; adjust_table_addresses; generated_palette_tail; replace_table_tail; replace_palette_tail; ensure_globals; hook_bgnd; main,7a4f27383cc858a0d2d568f32be28ad229d80774b95c54d6973572ac73236e2a
tools/promote_portal_stage_to_mk2.py,no (local/ignored),81806,2310,Promotion and game patching,Inventory and text index,Optional external-workspace adapter; not everyday authoring,"Promote the layered portal BGPROF stage into mk2-main. This is the MK2-side companion for build_layered_portal_level.py. It supports both the static TSTBG layout and the animated TSTB0..TSTB5 layout. Animated portal frames are kept on separate background planes so the game can reveal one frame at a time by changing worldtlx, avoiding stale bak?bits/object-cache state in the normal background updater.",__future__; argparse; re; pathlib,asm_hex; asm_signed; asm_packed_xy; ensure_include; last_label_start; generated_table_tail; generated_palette_tail; generated_kfpit_palette_suffix; load2_output_path; replace_table_tail; replace_palette_tail; asm_word_values; palette_words; blue_tint_rgb555; hot_red_tint_rgb555; red_tint_rgb555; blend_rgb555; asm_hex_word; asm_word_lines; palette_defs; palette_list_labels; red_palette_label; bgprof_palette_index; red_palette_strength; red_palette_tail; blue_pulse_rgb555; blue_pulse_dim_rgb555; blue_pulse_label; blue_pulse_palette_tail; stock_portal_side_palette_tail; stock_portal_side_table_tail; labels_from_tail; ensure_globals; portal_frame_modules; portal_overlay_modules; bak_name; module_offsets; animation_code; red_shift_code; blue_pulse_code; palette_replace_code; calla_code; patch_coin_page_background; render_reflection_patch; patch_outer_haven_reflection_shadows; ground_ochar_patched; patch_outer_haven_fighter_y_offset; patch_bgnd; main,567649afbe487a862e55c33e3e54040b8ba2e890110a266a91cb74e1899f4064
tools/publish_stage_to_wiki.py,yes,8025,211,Publishing,Inventory and text index,Keep in explicit share/publish workflow,"Publish a stage share bundle to the project wiki. Takes a bundle produced by bddtool's **File > Share Stage...** (or `bddview --share-bundle-smoke`) and turns it into a wiki entry: <NAME>.md the page, at /wiki/<NAME> stages/<NAME>/... its images and video Stage-Catalog.md gains a row linking to it Relative image paths in the generated page are rewritten to raw wiki URLs, because relative asset links inside GitHub wiki pages do not resolve reliably. Usage: publish_stage_to_wiki.py BUNDLE_DIR [--repo OWNER/REPO] [--author NAME] [--wiki DIR] [--push] [--dry-run] Without --push it stages the commit locally and stops, so you can inspect it.",__future__; argparse; re; shutil; subprocess; sys; pathlib,run; raw_wiki_url; rewrite_asset_links; catalog_row; read_stat; ensure_binary_attrs; update_catalog; main,2905b0919c27f0b4ad065a2d02d65ef32cf14768b5224d0ed1a49f75cba0af1e
tools/regression_baseline.json,no (local/ignored),21,3,Repository configuration/documentation,Inventory and text index,Maintain as appropriate,,,,9c2c818f1e2d580c26d2e2ca15861d0297fa2076d54ff08ce32d4973ca003a38
tools/regression_check.py,no (local/ignored),17223,547,Regression/open/save,Detailed relevant sections inspected,Keep; promote reusable checks to tracked CI,"Regression guardrail for BDB/BDD parser and editor changes. Runs three checks against local golden BDB/BDD fixtures when they are present: 1. Byte-identity check - SHA-256 of each fixture file vs baseline. Catches any drift in the data layer (bddview.c) that would change what gets written to disk. 2. Independent parse - re-implements the BDB/BDD format minimally in Python and validates every LOAD2 invariant from PROTECTED.md. Catches violations even if a fixture is intentionally regenerated. 3. Header consistency - checks that BDB header counts (modules, palettes, objects) match the actual record counts. The public repository does not ship proprietary fixtures. Put local fixtures in ignored paths, then run before UI or parser commits: python tools/regression_check.py To intentionally re-baseline after a deliberate fixture change: python tools/regression_check.py --rebaseline The script never touches the protected source files. It only reads the fixtures and writes/reads tools/regression_baseline.json.",__future__; argparse; hashlib; json; sys; dataclasses; pathlib; typing,sha256_of; BdbObject; BdbModule; BdbFile; parse_bdb; BddImage; BddPalette; BddFile; parse_bdd; Issue; module_rect_slop; validate_invariants; collect_baseline; cmd_rebaseline; cmd_check; main,5111463ab8811adcfa68551529778e26a0bb35a9206f72d22762ee83efa1e2d5
tools/render_bdd_background.py,no (local/ignored),17442,516,Reference rendering,Inventory and text index,Retain as comparison reference; consolidate production scene interpretation,"Render a Midway BDD/BDB background composite to a PNG. This is an offline sanity check for the BLIMP/BDD source data before LOAD2 and MAME packaging. It follows BDB object order, palette selection, transparency index 0, and raw BDD tile pixels.",__future__; argparse; struct; zlib; pathlib,read_line; rgb555_to_rgba; parse_color; load_bdd; load_bdb; layer_name; draw_objects; object_bounds; make_rgba; render_scene_crop; resize_nearest; blit_opaque; fit_to_canvas; padded_bounds; png_chunk; write_png; render; render_presentation; main,9454d48aa20f2de63715cfde98d137a47cb64f40ed55991373b1dbebaae47190
tools/render_bgproof_mk2.py,no (local/ignored),22416,594,Reference rendering,Inventory and text index,Retain as comparison reference; consolidate production scene interpretation,Render the promoted BGPROF MK2 background from LOAD2/runtime artifacts.,__future__; argparse; re; struct; sys; zipfile; zlib; pathlib,asm_int; word_values; long_value; find_label; parse_bmod; parse_table; parse_palettes; rgb555_to_rgba; read_irw; normalize_bank; read_video_from_zip; BitReader; decode_pixels; bit_aligned_slice; image_payload; draw_image; render_runtime; source_render; bdb_module_bounds; png_chunk; write_png; write_diff; main,b436d1a842dc7cc0059d453b97a428b16d4e23bb67e1d8c4cac80f51c8efdb7d
tools/render_mk2_stage_preview.py,no (local/ignored),7554,211,Reference rendering,Detailed relevant sections inspected,Retain as comparison reference; consolidate production scene interpretation,"Render a promoted MK2 stage viewport from the packaged ROM bytes. This is the pre-launch screenshot check for custom backgrounds. It decodes the same BMOD/HDRS/PAL data that MK2 will use, reads art bytes from either rom/debug/video_flat.bin or a packaged mk2.zip, then composites the ORNGBL planes at their runtime positions.",__future__; argparse; re; pathlib; types; render_bgproof_mk2,parse_scroll_values; parse_module_planes; parse_centered_modules; parse_dlist_planes; parse_runtime_positions; render_bmod; plane_camera_x; paste_layer; main,6a407df3e4e3756e31e8ffc2e5e10b516f95b67808d1f4c9562dc86b1d986c12
tools/roundtrip_smoke.py,yes,6593,196,Regression/open/save,Detailed relevant sections inspected,Keep; promote reusable checks to tracked CI,Smoke-test bddview load/save round trips. The test exercises the app's real BDB/BDD loader and saver through ``bddview --roundtrip-save``. Each generated output is then checked with ``bddtool validate`` and ``bddtool diff``; BDD payloads are compared byte-for- byte to catch binary image/palette drift.,__future__; argparse; os; struct; subprocess; sys; zlib; pathlib,exe_candidates; find_exe; run; companion; compare_bytes; png_chunk; write_rgba_png; png_import_roundtrip; roundtrip_one; main,2fd3d6fe0950f881db0be1f0853f6e266669e8b4bdc685e467864deaf0c28adf
tools/validate_bgproof_mk2.py,no (local/ignored),12554,299,Emulator and validation,Inventory and text index,Retain selectively as service or specialist tool,Validate BGPROF after promotion/build inside a mk2-main checkout.,__future__; argparse; re; struct; pathlib,irw_payload; video_offset; video_linear_offset; require; collect_absolute_table_addresses; validate_no_bgproof_overlap; mapped_irw_range; validate_no_physical_video_overlap; validate_tables; validate_interleaved_roms; validate_irw_and_video; main,52878c93a6c094b27bb757aa48f041d05b200cce39f5e0ff15fb7dc274f26143
tools/validate_bgproof_source.py,no (local/ignored),4909,154,Emulator and validation,Inventory and text index,Retain selectively as service or specialist tool,Validate the BGPROF full-screen background proof source files. This checks only the BDD/BDB contract described in bdd.md and the module/object assignment rules from bbb.md. It intentionally does not validate mk2-main notes.,__future__; argparse; struct; pathlib,read_line; validate_bdb; validate_bdd; main,a98b3bde06c9c5d19a4acaa8914ea5cd325f2e6b36dc8f1005c5250234c25cb0
tools/wire_ohport_revx.py,no (local/ignored),5517,174,Promotion and game patching,Inventory and text index,Optional external-workspace adapter; not everyday authoring,Wire the generated Outer Haven portal movie into mk2-main REVX space.,__future__; argparse; shutil; pathlib,backup; replace_once; patch_imgbuild; patch_makerom; patch_mkrevx; patch_mainequ; patch_unzip; patch_bgnd; main,d45a3c7557dda85edc5b663a34ffc244df85b68346ccad07e78dc99d97fd33ce
